feature,roc_auc_leah_12k_twist_dna_detected_10cv,roc_auc_leah_12k_detected_10cv,roc_auc_fourclass_micro_10cv,roc_auc_up_vs_rest_10cv,roc_auc_fourclass_Down_10cv,roc_auc_fourclass_Not_Recovered_10cv,roc_auc_fourclass_Not_Sig_10cv,roc_auc_fourclass_Up_10cv
dssp_ke_alpha_ratio,0.6412650682517836,0.9007022983352144,0.9307241527777778,0.5404792569679607,0.7881823050186211,0.9008433386900747,0.8682758463394753,0.6883459493689436
dssp_kae_alpha_ratio,0.7000499504650961,0.8942086407931947,0.9276858541666667,0.5623031803882467,0.7703861754267365,0.8942489946346937,0.8580591778888398,0.6768114731297041
ratio_KE,0.6211595904892985,0.8913309817551963,0.9274215416666667,0.5181207745194197,0.7721301803461946,0.891343574644023,0.864712987941973,0.7133572498816718
dna_sequence_entropy,0.7921239918483499,0.8973665694288127,0.9225172893518518,0.5700544741701403,0.7901597093121513,0.8973665835781259,0.8585190973604976,0.6705763706122293
ratio_K,0.6021734270174668,0.8749596744571276,0.918999425925926,0.5308747291978821,0.7322283048027838,0.8746920684949013,0.8478671507097673,0.6460781490730824
ratio_E,0.6269419178319005,0.8626994076871068,0.9152995995370371,0.5064405094542926,0.7760552095147533,0.8625252013418983,0.8384220290856458,0.6754348709086289
aa_sequence_entropy,0.7955064528354577,0.8353967512723912,0.9023488472222222,0.571001913666212,0.8416913386179499,0.8353865779161367,0.79431311122056,0.6821811736777023
dssp_alpha_ratio,0.6726418144402557,0.8254312625794469,0.9013670300925927,0.5448034487323699,0.7209676122098669,0.825485199761703,0.7953145969475549,0.6014409672362159
esm2_binder_LL_target,0.7600644784872239,0.8376981229294602,0.8996300856481483,0.6082666773211077,0.8038304986041851,0.8376139345153933,0.7907522669066973,0.7065253400142357
esm2_full_LL_target,0.7603512157660623,0.8377916357409844,0.8996275972222222,0.6062776117335456,0.8022336091026264,0.8377176489817983,0.7913863837778314,0.7076701079425978
esm2_binder_LL_car_target,0.7630806222115839,0.8353602035961669,0.8995381064814816,0.5961083401353507,0.8058773882075538,0.8352928528649133,0.7911206636397258,0.7089425037176776
esm2_full_LL_alone,0.7437030000199469,0.8270542737095232,0.898038810185185,0.5879181142741414,0.824524903738666,0.8269788295710687,0.7838081787852875,0.7160408163623159
esmfold_plddt_binder_middle,0.5769590389563761,0.8043928750397171,0.8963507824074075,0.5179178099211801,0.784147575598999,0.8043310425406461,0.7770282176451563,0.6030629931723486
max_pident_cross_team_hamming,0.7486805929560701,0.8294290520039334,0.8961291226851852,0.5519422165237106,0.8569921056543225,0.8289574129440861,0.7915192855175802,0.6902806572671284
dssp_other_ratio,0.6258834832678408,0.8158433200129811,0.8951247175925925,0.5537189239031176,0.7377746578675697,0.815829878165357,0.7847076824289593,0.5910821325899273
esm2_binder_LL_car,0.7572299350394617,0.8218775210538953,0.8949814282407408,0.5962772998656963,0.8072752392025428,0.8218097741418696,0.7777208957343902,0.7024433781375127
esmfold_plddt_binder_start,0.5553702152274949,0.7995941071392794,0.8945356388888889,0.5242908106322137,0.7840737633651048,0.7995091971102347,0.7717591109295875,0.5985958932890922
esm2_full_LL_car_target,0.7602444165187269,0.8243670078311356,0.8943269976851853,0.5927451772893573,0.8097655112591654,0.82430033626692,0.7808598659220354,0.7047073633752668
seq_kl_vs_human,0.8031768828250188,0.8306026101973988,0.8930692384259261,0.598739866017063,0.7552495769795425,0.8306034450068828,0.7884371263788035,0.6170366767862983
esmfold_plddt_binder_end,0.5853438187753908,0.7942124299792932,0.8921699027777777,0.48142075469264045,0.784222405932671,0.7941194406923611,0.7695899289595196,0.5899734361236404
boltz_rosetta_complex_normalized,0.5088400658564411,0.7960971918925221,0.8909379782560656,0.5267637179625483,0.830734526527466,0.7960874981861168,0.7722092111494705,0.565228074293471
boltz_rosetta_A_BC_complex_normalized,0.5088400658564411,0.7960971918925221,0.8909379782560656,0.5267637179625483,0.830734526527466,0.7960874981861168,0.7722092111494705,0.565228074293471
boltz_rosetta_A_B_complex_normalized,0.4537150422527696,0.7902449019216327,0.8907692438210727,0.5159895169373843,0.8228030254069977,0.7902308009163123,0.7698208187786145,0.5660902608769908
longest_stretch_of_K,0.5628054375361538,0.7806026017078108,0.8897018796296297,0.4980238975941211,0.6963950104966088,0.7804115435304756,0.763215909849505,0.6041517751856146
esmfold_plddt_binder_start_glycine_linker,0.5378322827944335,0.7902869859936513,0.8892426944444445,0.5092138162216622,0.7903905634367789,0.7901982839486454,0.7628135931699396,0.5918053153052841
gravy_score,0.6790350168551653,0.7911574941951027,0.8891648969907407,0.5117551634481863,0.6074744304240792,0.7911605928947129,0.7777225764524619,0.6137541737374456
esmfold_plddt_binder_middle_glycine_linker,0.5375451299543215,0.7825135938112487,0.8879301064814815,0.487608763912406,0.7892543640846977,0.7823843256850447,0.7584338085579886,0.5941008630723542
longest_stretch_of_E,0.6429399879653455,0.7787784439400245,0.8879298842592593,0.45520738523106585,0.7078878298388755,0.7796068437851291,0.7669062805767413,0.599262275976494
boltz_rosetta_A_C_complex_normalized,0.44038361224953226,0.7904141031552667,0.8874365382708435,0.5388187988744025,0.8405267337300555,0.7905236960325166,0.7652144022505265,0.5543079345152031
dssp_beta_ratio,0.6021848549524929,0.7457570737227895,0.8865735486111112,0.4849929566712854,0.6940643255801642,0.7466736520883084,0.7314015280199732,0.4917353141241943
esmfold_plddt_binder_end_glycine_linker,0.5568421332588648,0.7786401768505689,0.8859788263888889,0.4978027093926455,0.7890283459340149,0.7784717858731217,0.7535529754974364,0.5703531909654515
esm2_full_LL_car,0.7532717139076722,0.8015538153283699,0.8857869050925925,0.6026474824937553,0.801943959715828,0.8014628918411777,0.756591380405422,0.6964680402462329
boltz_sap_score,0.698253678881515,0.784288167132622,0.884501789166061,0.6013613277141315,0.6987089782807808,0.784326191474113,0.7488681431071866,0.6282666086035712
boltz_rosetta_side1_normalized,0.4642238640788638,0.7743975646578082,0.8825987839946854,0.4852398177134486,0.7748119032603435,0.7744780243872418,0.7566718082373747,0.5562947998997838
boltz_rosetta_A_BC_side1_normalized,0.4642238640788638,0.7743975646578082,0.8825987839946854,0.4852398177134486,0.7748119032603435,0.7744780243872418,0.7566718082373747,0.5562947998997838
longest_dup_substr_len_dna,0.7495036120585907,0.773853860345825,0.8814351921296295,0.5519745305418196,0.6716808929142292,0.7723568629998967,0.7458567729840766,0.5775230829176452
total_duplicated_nucleotides,0.7474310002061184,0.773525369888518,0.8810997847222223,0.5494745778229895,0.6750166968363567,0.7724814477034023,0.746289134235452,0.5744000207410908
min_gravy_len_20,0.670542191104994,0.7596253250521742,0.8798907905092592,0.5156833206185605,0.6336759917818986,0.7595383775220159,0.7576652203508901,0.5239780034220295
boltz_rosetta_A_B_side1_normalized,0.5017184571569588,0.7514349580734628,0.8772358334067528,0.49960007400765694,0.7344549701774759,0.7515107961725894,0.738019975583577,0.5397331657995166
esmfold_end_C_B_pdockq2,0.5973242425149103,0.7712474011956283,0.8732152002314815,0.5261188697458252,0.7432805414661858,0.771550776621848,0.7470715015526918,0.528396632278122
esmfold_end_C_B_pdockq2_max,0.5898408150985046,0.7655283195109636,0.8722636261574074,0.5125404692371174,0.7370632606477966,0.7658425474604756,0.7447517494677749,0.5133488833064405
esmfold_end_glycine_linker_C_B_pdockq2,0.6091899713428947,0.7524271307535777,0.8709882384259259,0.5495275577829126,0.6909659934312202,0.7524111986268148,0.725910552628714,0.5501698928289307
longest_dup_substr_len,0.7394181477270461,0.7748914294892744,0.8703221319444444,0.5285818742656546,0.7717079234633311,0.7755262667285916,0.749355264046504,0.49117595596576263
esmfold_end_glycine_linker_C_B_pdockq2_max,0.5986153913922301,0.7473873717492094,0.8687437199074073,0.5476882263374027,0.6917865818521678,0.7472598156899132,0.7211362020866519,0.548785713095857
boltz_singleaascorewithoutseq_solublempnn,0.453670140660813,0.7237962664942307,0.8681191808121356,0.49933258498351857,0.8027802722707049,0.7237651596056253,0.7079110785571112,0.6141154249050501
num_cysteines,0.5577220842558793,0.6772815428094265,0.8675345995370369,0.5618329988999456,0.7870285434453719,0.6798636085435139,0.6742056086034319,0.5647105747373765
max_gravy_len_20,0.676080168418673,0.7194281164513386,0.8672382523148148,0.521674878142961,0.6595390349635826,0.7194650320097085,0.7121909760218759,0.5869253975782772
boltz_rosetta_A_BC_per_residue_energy_int,0.49405411431419355,0.7359105712133924,0.8669927995564098,0.5003935450968848,0.7015731317465946,0.735947600074305,0.7194205401636716,0.5202317328332324
boltz_rosetta_per_residue_energy_int,0.49405411431419355,0.7359105712133924,0.8669927995564098,0.5003935450968848,0.7015731317465946,0.735947600074305,0.7194205401636716,0.5202317328332324
esmfold_end_C_B_lis_score_max,0.5820342887918137,0.7344668414238918,0.8659385069444444,0.5097359756848285,0.7188718538171616,0.7315925074745162,0.7114132480421231,0.5326396006287957
boltz_rosetta_A_BC_side1_score,0.525961580498212,0.71946422149286,0.8652291542568749,0.509010135678605,0.6760304701791269,0.7194953830515751,0.7051811908841691,0.5212253042059499
boltz_rosetta_side1_score,0.525961580498212,0.71946422149286,0.8652291542568749,0.509010135678605,0.6760304701791269,0.7194953830515751,0.7051812207508311,0.5212251725635023
boltz_rosetta_A_C_side1_normalized,0.46413302369246023,0.7260491081027639,0.8651730683911573,0.4989179028366452,0.7370676860130291,0.7261142568373506,0.7111929801648507,0.5350055389580899
total_duplicated_residues,0.742233575356219,0.7773139900146598,0.8648615972222222,0.5358541565659267,0.776475430198061,0.7772516056923707,0.749189511908082,0.5361895084399081
esmfold_z_axis_displacement_end,0.6545538866614805,0.7248888316753546,0.8629127361111111,0.46089671901245355,0.6716114076043908,0.7247697369054048,0.7013070902772571,0.5920285074768751
boltz_singleaascorewithoutseq_proteinmpnn,0.4533422068368065,0.7062568019790045,0.8622088953600865,0.5042568007015581,0.8015400615564101,0.706163087171325,0.6916082052420751,0.5912087645124808
esmfold_z_axis_displacement_end_glycine_linker,0.6359741421153067,0.7251967348818267,0.8619937800925926,0.48941859942278143,0.6980046262453906,0.7252248212687044,0.7074897853317428,0.5586650352679953
esmfold_start_glycine_linker_A_B_pdockq2,0.5273366594857678,0.7051789797575396,0.8607808356481481,0.5569462551497335,0.6664460783814656,0.7053276041443225,0.6793063657071952,0.5577217915843525
boltz_plddt_binder_none,0.5175624505482084,0.7010813810771159,0.8603002939814816,0.47814188383962175,0.7701120520615503,0.701052799464273,0.6770991661721513,0.5793356112628631
esmfold_start_glycine_linker_A_B_pdockq2_max,0.5248085924773436,0.700530166279334,0.859601613425926,0.5579453595003401,0.6645267057752728,0.7006698058521788,0.6745944517579603,0.5585705355522459
chai1_plddt_binder_none,0.4717071340234975,0.6972857994888362,0.8588511921296296,0.4776690095164784,0.7564802050860192,0.6972396585782022,0.6784758409556213,0.5221516977822689
esmfold_start_glycine_linker_A_B_lis_score,0.5448648262288978,0.6876063250147069,0.8587966666666667,0.5386592137348104,0.6176337935823063,0.6886020546387618,0.6679879101643134,0.5397681606973616
esmfold_z_axis_displacement_middle,0.56862495761275,0.7128528173716439,0.8585008865740741,0.46260848523531184,0.7356829718739755,0.712731161575989,0.6879014884744827,0.5759892316665854
esmfold_z_axis_displacement_start,0.519850946482357,0.7311864929297014,0.8574240717592592,0.4917993785438176,0.7466967752707635,0.7312379822807584,0.7116521739227062,0.5595471578631215
esmfold_end_C_B_ipSAE_d0chn_max,0.5338235709678921,0.6784743157703379,0.8572965300925925,0.5196697181704104,0.6544503177489407,0.6774172771718034,0.6573774675267906,0.525813389551375
esmfold_end_C_B_ipSAE_max,0.5459939062094827,0.6804624923777649,0.857158494212963,0.5209810034905402,0.6555982252484672,0.6840431317478782,0.6639897318960203,0.5260206125861097
boltz_rosetta_A_B_per_residue_energy_int,0.4964625466691149,0.7039799434192971,0.8570331859844565,0.513496115363016,0.6537145656283725,0.7038955688987494,0.6893830706440938,0.5207172301797156
esmfold_start_glycine_linker_A_B_lis_score_max,0.5375914650363367,0.6838964882649556,0.855508886574074,0.5358185860963802,0.6181950210848464,0.6838898380877101,0.6631720694992758,0.5338765511824614
esmfold_z_axis_displacement_start_glycine_linker,0.49485244250294225,0.7274870559252173,0.854549363425926,0.5207016375316549,0.6920955751347455,0.7274922911711341,0.7066657473185115,0.5167883222649471
esmfold_end_C_A_lis_score_max,0.5071175257149316,0.6764330226408255,0.8525646574074075,0.5215596498613315,0.6543179647778201,0.6746019600081545,0.6559756236429417,0.5122803914905918
esmfold_end_C_B_lis_score,0.5979336631227601,0.6794829495681121,0.852480400462963,0.5225432860676108,0.6412076394134931,0.6797327981421611,0.662277691351211,0.51211875877598
esmfold_ptm_middle,0.6168346365334876,0.6906372211156202,0.8524691898148149,0.5019007030302909,0.7444264127661567,0.6904566334301184,0.6721464094903176,0.5425989563574135
boltz_rosetta_A_B_side1_score,0.508558918937824,0.6728067858472104,0.8501720814112518,0.507295492799553,0.6297294728758511,0.6726805257271699,0.6616254877076584,0.5089530028563778
esmfold_z_axis_displacement_middle_glycine_linker,0.47760332515508747,0.679867881636127,0.8495872500000001,0.4883962615436507,0.678516160297774,0.6797544324421793,0.6633929380782625,0.5490008267629207
boltz_autoregwithseq_solublempnn,0.5316662194841795,0.6671781971150756,0.8494217384187133,0.5305801506681148,0.7927562483849757,0.6671321583135675,0.6589805903985085,0.5344672655049553
esmfold_start_glycine_linker_A_B_ipSAE_d0chn_max,0.5163051699146936,0.62905666471708,0.8490451620370371,0.5202732262954445,0.5796749614649234,0.6292028554219772,0.6151305908218514,0.524874279056095
esmfold_start_glycine_linker_A_B_ipSAE_max,0.5235282481931396,0.6303084403144046,0.848853763888889,0.520669448761678,0.579582314385139,0.6317202729436491,0.6169952850163095,0.5251026690251724
chai1_rmsd_alone,0.5087122421026735,0.6666381039195748,0.8462561412037037,0.4855668436130529,0.7220704687942238,0.665412943180546,0.6459919082731305,0.5026970306548562
esmfold_start_glycine_linker_A_B_ipSAE,0.530291715702897,0.6172018748179691,0.8461546226851852,0.5224078302126299,0.5640761457185851,0.6198128193004784,0.6059827479429329,0.5274971001926191
esmfold_start_glycine_linker_A_B_ipSAE_d0chn,0.5253313685596313,0.6162247656902018,0.8461355856481483,0.5221605903996555,0.563531462337435,0.6162696614612664,0.6035928362961985,0.527448942285786
boltz_rosetta_A_C_per_residue_energy_int,0.441171340135876,0.6625313749837178,0.844044014330368,0.4661486053667467,0.655801529249382,0.6628776815607251,0.6543597800236711,0.5106846934323845
esmfold_middle_glycine_linker_B_C_lis_score,0.5346156307555237,0.6219082760012592,0.8436298564814814,0.5334275366285031,0.5702850272138069,0.6191143950472422,0.6040410879729788,0.5342491643757739
boltz_autoregwithseq_proteinmpnn,0.5386939991617521,0.6471714954906533,0.8430680911514965,0.5331048410628046,0.7851774671814277,0.6471410707706577,0.6400650363072422,0.5293248030960662
boltz_hs_iplddt,0.5799796493739121,0.6415587973426478,0.8427977627952005,0.5292397527055994,0.7395682510174046,0.64154111354988,0.6217595641891437,0.5317829508025305
esmfold_middle_glycine_linker_B_C_lis_score_max,0.5357185303758669,0.6207087962658491,0.8421701875000001,0.5338484956008472,0.5664073396849185,0.6183808380491107,0.6034485028955161,0.5352851543013153
closest_ab_pident,0.560707476445987,0.6211157163667144,0.841731037037037,0.5120514379049194,0.47748166911349976,0.6197426670051938,0.6140998939369664,0.5184412844897347
max_pident_within_team_mmseqs,0.5617906369058305,0.698714257561195,0.8416075300925926,0.5345699248423533,0.7092220495977488,0.6987423722466993,0.6750960002549135,0.5379578241944573
min_charge_len_20,0.45818726354563527,0.6366198264026413,0.8412214699074074,0.5553636197511795,0.6773094575360763,0.6365288463181957,0.6375914154365872,0.5605458864693316
esmfold_start_A_C_pdockq,0.48647742837385893,0.6200521124868142,0.8407729490740741,0.5026219443995987,0.6579230560911892,0.6204289369983149,0.6111699161799505,0.5024926883271621
esmfold_start_A_C_pdockq_max,0.48647742837385893,0.6200521124868142,0.8407729490740741,0.5026219443995987,0.6579230560911892,0.6204289369983149,0.6111699161799505,0.5024926883271621
esmfold_start_A_C_pdockq2_max,0.47164957878709296,0.6174037996679099,0.8404031180555556,0.500688488982736,0.6164161462479969,0.6177382186874847,0.609200281282754,0.4999532824466872
esmfold_start_A_C_pdockq2,0.47192966708555245,0.6168836143141698,0.8403233657407408,0.5007166071884162,0.6163565874109926,0.617228305735192,0.6087140953823896,0.5001044569422597
esmfold_start_A_B_pdockq2,0.49855717125778753,0.6554439596072196,0.840226287037037,0.5738777986538581,0.5983013514256451,0.6555880137658103,0.630648646887217,0.5727267683188858
esmfold_middle_glycine_linker_B_C_ipSAE,0.5384294443447097,0.5907687361527745,0.8380759212962963,0.5239706764062955,0.549650435441275,0.5905426442757368,0.5791800729398306,0.5235763952861112
esmfold_middle_glycine_linker_B_C_ipSAE_max,0.5379704569179315,0.5906492876499927,0.8378449166666666,0.5241670028535282,0.5463461926122608,0.5902098948751302,0.5789455085920947,0.5239902151149196
esmfold_middle_glycine_linker_B_C_ipSAE_d0chn,0.5322542038178444,0.5898481959795349,0.8377031203703704,0.523824449211945,0.5488720981611082,0.5869441343229401,0.5763441598338995,0.5236928760490628
esmfold_middle_glycine_linker_B_C_ipSAE_d0chn_max,0.5319111579864229,0.5896812482320433,0.8375164421296296,0.5240400638715375,0.5461547898540249,0.586522215949989,0.5760787313906659,0.5242080216168257
esmfold_plddt_hotspot_start_glycine_linker,0.5328025369184636,0.6418527518320248,0.8373619884259259,0.4986123133192246,0.7129004440951231,0.6417490515149329,0.625404959296203,0.4919482359489444
esmfold_start_A_B_ipSAE_d0chn,0.4892060036968331,0.5986860127020084,0.836684625,0.5156883931679147,0.5707607343350077,0.5988567383161478,0.5867841693248173,0.5086313497828385
dna_gc_content,0.5681528800058511,0.6182399108887568,0.8363225856481481,0.5242100255869409,0.5657506653282048,0.6182116264114931,0.6137162873999011,0.5134904763198993
esmfold_start_A_B_lis_score,0.4750068983171431,0.63729206027698,0.8355270393518519,0.5428508929753457,0.6251496606673441,0.6408447406040355,0.619722020898743,0.5378790431192997
msa_depth,0.548502649618681,0.6045196613763705,0.8354161134259259,0.48469016931167763,0.49307386721128216,0.6025802433025358,0.5973388982417995,0.5516886516800598
esmfold_middle_glycine_linker_B_C_pdockq2,0.4754172650749008,0.6142013148447464,0.835058875,0.5485834999864105,0.6062827446341053,0.6135834143334354,0.5925083894917729,0.5461928262629302
esmfold_start_A_B_ipSAE,0.4896332006861748,0.6062263232466085,0.8345047476851851,0.516052301616039,0.5711544844240916,0.6003120800837547,0.5892138625959916,0.5085598330993489
esmfold_middle_glycine_linker_B_C_pdockq2_max,0.47470914866455227,0.6128306284185449,0.8344138124999999,0.5505912275456715,0.6025939146140078,0.6121975881420152,0.5908624247805738,0.5481731244812379
esmfold_start_A_B_pdockq2_max,0.505175815663668,0.6412688096726065,0.8339386851851851,0.5741475831306297,0.5641166151847545,0.6412878829469194,0.6183838498383691,0.5731353903502076
boltz_autoregwithoutseq_proteinmpnn,0.6671993399235756,0.6244598134168801,0.8333606826339448,0.5531028658840417,0.4859073941887269,0.6244006466594598,0.6113534838106731,0.5534495123975476
esmfold_end_glycine_linker_C_B_lis_score_max,0.5629280281118889,0.6105419345461822,0.8330811828703704,0.525172870603274,0.5779602269140784,0.6110932908370971,0.5966490676501246,0.5277180378978303
boltz_rosetta_A_C_side1_score,0.527827689321407,0.6170019696639059,0.8320707049336873,0.4848245219338697,0.5870120957145809,0.6171172945806219,0.6113138261021963,0.4848087248401663
max_charge_len_20,0.5324648933835996,0.592884666909884,0.829576460648148,0.5744168039908063,0.5491831276432415,0.5922914569502615,0.6047376275467081,0.5715851942178949
esmfold_ptm_middle_glycine_linker,0.5977146623315315,0.6371193537589802,0.8295172152777778,0.5255756059723821,0.5754177772438409,0.6368872625731081,0.622700044968237,0.5273803689334032
boltz_A_B_pdockq,0.5364835786807093,0.6057835063379302,0.82945375,0.5206946862603175,0.6317960705420975,0.6055817795783754,0.5909806306548697,0.5191076045530703
boltz_A_B_pdockq_max,0.5364835786807093,0.6057835063379302,0.82945375,0.5206946862603175,0.6317960705420975,0.6055817795783754,0.5909806306548697,0.5191076045530703
esmfold_start_A_B_ipSAE_d0chn_max,0.4993103760663302,0.5844061861476866,0.8291571805555555,0.5197004039628008,0.5658774187505472,0.584712391436564,0.5735078300210084,0.5097972220214774
boltz_B_hs_engaged,0.5337888763563553,0.6095992744213559,0.8284236754000907,0.487714863511794,0.5362141127725746,0.6090757270522571,0.6036251766165062,0.4867194491448112
esmfold_start_glycine_linker_A_C_lis_score_max,0.47170173172693963,0.5758490918008579,0.8280901041666666,0.5066393408641696,0.5550369468409382,0.575159850451946,0.5672801861757799,0.49430803600783607
boltz_all_hs_engaged,0.5736797121597637,0.6084339588229414,0.827734683185649,0.49533465748083216,0.5171673806055256,0.6085897515334775,0.6059669170568149,0.48138904898073204
esmfold_plddt_hotspot_start,0.532976449311498,0.6149971288213474,0.8276430439814814,0.4919915718026876,0.7032961998407693,0.614820276554554,0.6031236798202626,0.5248959469829666
boltz_rosetta_A_B_nres_int,0.5560374751899553,0.6015308440004106,0.8274120829647909,0.4995812453744135,0.5483716963850627,0.6011316713714688,0.5950061656737197,0.4944230335317009
boltz_rosetta_dSASA_hphobic,0.5678800636536124,0.5992914651899446,0.8272212606879419,0.48807543217557314,0.5106673053421676,0.5993436374220817,0.6010663055428821,0.5014514896264435
boltz_rosetta_A_BC_dSASA_hphobic,0.5678800636536124,0.5992914048577884,0.827221253231908,0.4880753005331256,0.5106673053421676,0.5993436072560037,0.6010662756762201,0.501451357983996
boltz_rosetta_A_BC_nres_int,0.5731623079680683,0.6046649034392889,0.8272125097894308,0.49574347310163036,0.5474560985006008,0.6047204542721772,0.6000995664913733,0.4833580908896318
boltz_rosetta_nres_int,0.5731623079680683,0.6046649034392889,0.8272125097894308,0.49574347310163036,0.5474560985006008,0.6047204542721772,0.6000995664913733,0.4833580908896318
longest_stretch_of_A,0.583027272455269,0.5741998902918846,0.8267881620370372,0.5440969240185964,0.6204175328998942,0.5747661033617523,0.5584068698420532,0.5371524160803071
chai1_ipae_none,0.6055567191271218,0.5925969830721012,0.8265812407407408,0.5311447641709182,0.6965365263657298,0.5923012058271173,0.5871651089373392,0.5314452344400802
esmfold_ptm_end_glycine_linker,0.5109234436399179,0.5843719589588414,0.8264998703703703,0.536218691254712,0.6239343040575348,0.5846777539176335,0.5854703895118303,0.5324387026247374
boltz_rosetta_A_B_dSASA_hphobic,0.5433325464068062,0.5986855795105723,0.8262545734597705,0.4916564358544529,0.5409525151993714,0.5987698032007294,0.5961068865713155,0.4866731110032813
boltz_rosetta_A_B_dSASA_int,0.5408100097054271,0.5992832147675744,0.826056896602378,0.47434203130088803,0.5336050893337789,0.5989872402919376,0.5954090072118432,0.4822237279192832
boltz_rosetta_A_BC_dSASA_int,0.5586378301812555,0.5965078149147003,0.8258757398308713,0.46246807999753564,0.5025876562990328,0.5964487798997872,0.5970389952281436,0.48904965210850393
boltz_rosetta_dSASA_int,0.5586373929998514,0.5965078149147003,0.8258757398308711,0.4624679483550881,0.5025876562990328,0.596448749733709,0.5970390549614678,0.48904965210850393
esmfold_ptm_start_glycine_linker,0.43899768283033797,0.5954273692544025,0.8251628449074074,0.48890746179524913,0.5748374603704661,0.5954143094382371,0.5909596425143221,0.4872475482991241
num_pipi_within_chain,0.5500745101363705,0.5909099745980209,0.8246791550925925,0.581786090969472,0.5739596038370145,0.5900732266580759,0.5630572222830769,0.590845977236653
esmfold_end_glycine_linker_C_B_lis_score,0.5481140998277914,0.5741253092615406,0.8246631134259258,0.5156319062602901,0.5537714488170699,0.5741644179634701,0.5629994528082007,0.5211466441453826
boltz_rosetta_A_B_dSASA_polar,0.5332773741136148,0.5959638451107032,0.8245237222828866,0.500403813207792,0.5265564845123317,0.5956056078497927,0.5911438238669753,0.4946480104745262
chai1_ptm_none,0.6926438174455947,0.5881891465485127,0.8242429629629632,0.537246602675726,0.5121505117987583,0.5880743531698027,0.5768846982120688,0.5373489303997382
boltz_rosetta_A_B_dG_separated,0.5396549764359223,0.5925951086669615,0.8234336600609661,0.48735008228969395,0.5372209196416954,0.592342663842076,0.588726013038351,0.48447185181694224
boltz_rosetta_A_BC_dSASA_polar,0.5489640986630993,0.5898282307311612,0.8231789097490411,0.4959161879927871,0.492306554035264,0.5897851384885431,0.5885132728043613,0.4805708253481219
boltz_rosetta_dSASA_polar,0.5489640986630993,0.589828200565083,0.8231789072636964,0.49591631963523464,0.492306554035264,0.5897851384885431,0.5885132429376992,0.4805708253481219
esmfold_end_C_A_ipSAE_max,0.5070709828522796,0.5525240903378188,0.8229746064814816,0.4967830643483572,0.5457640940642746,0.5541779045229243,0.5484739232701918,0.4960141034406789
boltz_A_C_pdockq2_max,0.559974218578581,0.5814761180532673,0.8229143472222222,0.5056729262760686,0.5423621136565868,0.5796240153917362,0.5722122464119378,0.49270498516373246
boltz_A_C_pdockq2,0.5589662747092733,0.5819655569492315,0.8228805625,0.5059756510116104,0.5430745289761377,0.5800930226793117,0.5726684710818843,0.4934649282058919
esmfold_end_C_A_ipSAE_d0chn_max,0.5070454258339483,0.5505714851039991,0.8227875138888889,0.49680103745532866,0.5456918089800472,0.5533932968024475,0.5463618718243284,0.4960279433592876
esmfold_middle_B_C_pdockq_max,0.6120043600688835,0.5509425791436179,0.8227623842592593,0.49076295024981365,0.5938260393271582,0.5505232359456852,0.5462664320402757,0.49510611710625213
esmfold_middle_B_C_pdockq,0.6120043600688835,0.5509425791436179,0.8227623842592593,0.49076295024981365,0.5938260393271582,0.5505232359456852,0.5462664320402757,0.49510611710625213
chai1_A_C_pdockq,0.5415818921668363,0.5829693233832344,0.8227077384259259,0.5134508979101222,0.6073122980344566,0.5827768078266303,0.5788266915475911,0.5127153156296769
chai1_A_C_pdockq_max,0.5415818921668363,0.5829693233832344,0.8227077384259259,0.5134508979101222,0.6073122980344566,0.5827768078266303,0.5788266915475911,0.5127153156296769
esmfold_start_A_B_lis_score_max,0.5126370105519318,0.6019566123193429,0.8225902453703704,0.5434977995781893,0.5777996216741226,0.6028963106627753,0.5863696431313261,0.5370354969488929
esmfold_start_A_B_ipSAE_max,0.5005333728947666,0.5906109713096073,0.8224195717592592,0.5199755741092571,0.5669851113088489,0.5860356635139357,0.5751332094083875,0.5099279810715003
chai1_iptm_C,0.6095984680749207,0.5964026531207556,0.8219582708333333,0.48090297891410116,0.646378313660252,0.5962484397552237,0.59013928541257,0.5092036711229535
chai1_A_B_pdockq,0.49090377928044737,0.5814883855078885,0.8216336967592593,0.5094828492096404,0.6425892008120364,0.5817752203868739,0.574530512242031,0.5065821024677515
chai1_A_B_pdockq_max,0.49090377928044737,0.5814883855078885,0.8216336967592593,0.5094828492096404,0.6425892008120364,0.5817752203868739,0.574530512242031,0.5065821024677515
boltz_A_C_pdockq,0.4416337957699187,0.5727815348292138,0.8216293981481482,0.49336867501629167,0.5463299030158151,0.572851517332739,0.570257988001562,0.490752805151105
boltz_A_C_pdockq_max,0.4416337957699187,0.5727815348292138,0.8216293981481482,0.49336867501629167,0.5463299030158151,0.572851517332739,0.570257988001562,0.490752805151105
num_disulfide_within_chain,0.5164393962060918,0.5732844863193686,0.821586863425926,0.5313392745202339,0.7264060466982007,0.5751518843885646,0.5665541298590566,0.5284057127677069
boltz_singleaascorewithseq_solublempnn,0.580624371971654,0.5698614027424027,0.8213115581968062,0.5823891160256446,0.765895676468105,0.5697741761161674,0.5753933094320969,0.581830626308589
esmfold_middle_B_A_pdockq2,0.6032069279051057,0.6056930073301365,0.8210633333333333,0.5064281098892043,0.5222653330917043,0.6041435443305343,0.5941240457167538,0.5003322206706762
esmfold_end_glycine_linker_C_B_pdockq_max,0.544272028071995,0.6142029137171481,0.820865747685185,0.5664046183495277,0.5608502965724652,0.614315202667406,0.5920929882136658,0.567225369359873
esmfold_end_glycine_linker_C_B_pdockq,0.544272028071995,0.6142029137171481,0.820865747685185,0.5664046183495277,0.5608502965724652,0.614315202667406,0.5920929882136658,0.567225369359873
esmfold_end_C_B_ipSAE_d0chn,0.5526944161862778,0.5447932734391016,0.8207548217592593,0.5111979971320684,0.5380491884726671,0.546679475945658,0.5388274905137355,0.5126364719304533
boltz_rosetta_dG_separated,0.5542148659164634,0.5812143976175073,0.8207190523088576,0.4894788723086689,0.5091636327454288,0.5811463278621922,0.5806067310854728,0.48957293083742764
boltz_rosetta_A_BC_dG_separated,0.5542148659164634,0.5812143674514292,0.8207190498235127,0.48947887230866893,0.5091636327454288,0.5811463127791531,0.5806066862854796,0.4895731941223227
esmfold_middle_B_A_pdockq2_max,0.6054634256211809,0.602996473651545,0.8206389652777778,0.5051301008710882,0.520826503580657,0.6012984004144729,0.5918628965206331,0.4993322395831442
chai1_iptm_B,0.6196338572729871,0.5899483448189913,0.8202751805555556,0.5018081446605908,0.640720733194736,0.5898955537311117,0.5837062605970317,0.511142512209501
boltz_rosetta_A_B_packstat,0.5172920546651627,0.5756500382596369,0.8196152635284373,0.5131791203493685,0.5416461499603272,0.5755788010661175,0.5674955949660099,0.5141871065700903
esmfold_start_glycine_linker_A_C_pdockq_max,0.5227255915930292,0.5677222922204472,0.8182832731481481,0.5043158627636175,0.5574434801908327,0.56599007669041,0.5584140649822279,0.4985893929110309
esmfold_start_glycine_linker_A_C_pdockq,0.5227255915930292,0.5677222922204472,0.8182832731481481,0.5043158627636175,0.5574434801908327,0.56599007669041,0.5584140649822279,0.4985893929110309
boltz_rosetta_A_C_packstat,0.5137965707490666,0.5715808002324477,0.8174988807188237,0.4892739708390916,0.5110959237875583,0.5716222635068464,0.5702044414832644,0.4907128886117962
boltz_rosetta_A_BC_packstat,0.5332270982521488,0.5696978487182041,0.8170571877530477,0.520129512472727,0.44384875126608275,0.5697898854225988,0.5618004107741236,0.5226485565273986
boltz_rosetta_packstat,0.5332262238893406,0.5696970945662507,0.8170568745996218,0.5201307630759785,0.4438487512660828,0.5697890407724109,0.5617997238408957,0.5226489514547412
esmfold_ipae_end,0.5357297505302563,0.6372514375985288,0.8168801296296296,0.5485816838884936,0.7477729067359518,0.6371237683447262,0.6100260416847528,0.5486026003265719
esmfold_start_glycine_linker_A_C_lis_score,0.46846928835963,0.5337177286707309,0.8167907013888889,0.5014315235270475,0.5178190368368861,0.5336929249245361,0.530608056851275,0.5009865169133199
boltz_A_B_pdockq2,0.5823384796441465,0.5511860888253137,0.8165473194444445,0.523125627258302,0.5684239408198961,0.5468282135269472,0.5343331948292,0.5176791496052617
boltz_A_B_pdockq2_max,0.583150070811641,0.5502854708851844,0.8165248125,0.5229206586899471,0.5659158520171611,0.5460405637041136,0.5335091568159688,0.517824061694224
esmfold_ptm_end,0.462990944088724,0.567054062601769,0.8163862037037036,0.5323694404076276,0.6453551233835121,0.5665297739471751,0.5487738272692424,0.532440831842985
esmfold_ipae_middle,0.448941856328832,0.6114014062832687,0.8162924768518518,0.5306297438512874,0.568370490581559,0.6117906538918366,0.5983065612538812,0.531213400147367
esmfold_middle_B_A_pdockq,0.5518805394317781,0.5764404340511261,0.8162029189814816,0.5094128981278034,0.48774844179829,0.5738404694357288,0.5649640455511823,0.5031509298859703
esmfold_middle_B_A_pdockq_max,0.5518805394317781,0.5764404340511261,0.8162029189814816,0.5094128981278034,0.48774844179829,0.5738404694357288,0.5649640455511823,0.5031509298859703
esmfold_binder_below_membrane_start,0.5340515063265048,0.5707121553128238,0.8160061574074075,0.524810966125265,0.6259145081254545,0.5730654408003486,0.5697222139729677,0.5235194700100235
boltz_rosetta_A_B_side2_score,0.5289392230412087,0.5671769751496071,0.8159487116126186,0.4852911944103564,0.5070304268070221,0.5670969294612719,0.5648456455063755,0.4850011860984522
esmfold_plddt_hotspot_middle,0.604404159934574,0.580144766718008,0.8156758634259259,0.5516619738278997,0.6218151293699388,0.5799208821338433,0.5832817751071986,0.551909652009337
seq_charge,0.4917434208339152,0.569780140046507,0.8156349004629629,0.5115031015821219,0.603110600251267,0.5696229553251847,0.5587120243487989,0.5095693330449287
boltz_rosetta_A_B_hbonds_int,0.5167768363804877,0.5697721025195372,0.815185201309549,0.4996072447578003,0.49574411223680154,0.5688516902264743,0.566170366369565,0.4898381903691965
esmfold_end_glycine_linker_C_B_ipSAE_d0chn_max,0.5187474235201032,0.529750756450587,0.8150128865740741,0.5011557897639962,0.5246298698257624,0.5309961931555582,0.5265937798040972,0.5031530591042179
rnn_solubility,0.6149799865690596,0.5786002842766831,0.8150074305555555,0.5517391266773386,0.599634298559796,0.5786970372809502,0.5591372738013917,0.5514607000794449
boltz_autoregwithoutseq_solublempnn,0.640904132843011,0.5683689694172595,0.8149999414077442,0.5811078244277329,0.6385102376548184,0.5684120673140942,0.5556535219478762,0.5810101217349146
esmfold_binder_below_membrane_end_glycine_linker,0.5280719951595422,0.5680199088761585,0.8147316527777778,0.5191700407469748,0.49981623299009803,0.5670622409048497,0.5723739009319208,0.5207186712776348
esmfold_binder_below_membrane_start_glycine_linker,0.5379588212022686,0.5706465166484783,0.8146622893518518,0.48817457234964623,0.5243549828857428,0.5729736117571059,0.5717000163265786,0.487802835893259
esmfold_ptm_start,0.5279232242235654,0.5444849740518574,0.8146419606481482,0.5539584609559614,0.529846613087469,0.5445691200179843,0.5538529295013221,0.5456724828976807
esmfold_binder_below_membrane_end,0.530837555435874,0.5654849320566955,0.814627226851852,0.5207907515777194,0.4870026837110144,0.5666244328530754,0.5719930585510227,0.5218759013951515
boltz_singleaascorewithseq_proteinmpnn,0.601956291857596,0.5513181953347671,0.8144759574481321,0.579023654350054,0.7441846334118779,0.5513305501662551,0.5573632377548218,0.578520749543372
esmfold_plddt_hotspot_middle_glycine_linker,0.5497480867558959,0.5589934110609823,0.8144403124999999,0.5347864788629373,0.6041088470834496,0.5590670865352757,0.5600528345532523,0.5345468791860274
boltz_rosetta_hbonds_int,0.5329746259913088,0.5654354572927067,0.814388658290742,0.49745416670725645,0.4546678589743262,0.5654716113373534,0.5631974686928688,0.49286379456195584
boltz_rosetta_A_BC_hbonds_int,0.5329746259913088,0.5654354572927067,0.814388658290742,0.49745416670725645,0.4546678589743262,0.5654716113373534,0.5631974686928688,0.49286379456195584
longest_dup_occurrences,0.5413327631832658,0.5348069428076834,0.8139963680555555,0.5131358988576243,0.5077665741553335,0.5350911034664573,0.5272495932176108,0.5095802296324305
esmfold_binder_below_membrane_middle,0.46072675848908573,0.5613300003588265,0.813622074074074,0.5293912276959692,0.595780027325798,0.5608534797858948,0.5603059701411683,0.5282972478852166
esmfold_ipae_start_glycine_linker,0.5295513932938384,0.604474963695692,0.8134341226851851,0.539953340060828,0.6442214692808753,0.6044057877030242,0.5849475333989934,0.5403774928605433
boltz_C_hs_engaged,0.5595771144278607,0.5624433141684217,0.813394187394733,0.4861188304779647,0.46675049814137776,0.5626644466042016,0.5620093131420363,0.48928924136300483
esmfold_middle_B_C_ipSAE_d0chn,0.4648100635642524,0.5349169820171283,0.8128711296296296,0.500818120799569,0.5238652768925965,0.5345003696366604,0.5297595998101927,0.5013539949332121
esmfold_middle_glycine_linker_B_A_pdockq,0.49385613434929754,0.5353343160125741,0.8128187106481481,0.4815075516482592,0.5513862955625102,0.5339230493558611,0.5301494847321209,0.4782458397893527
esmfold_middle_glycine_linker_B_A_pdockq_max,0.49385613434929754,0.5353343160125741,0.8128187106481481,0.4815075516482592,0.5513862955625102,0.5339230493558611,0.5301494847321209,0.4782458397893527
esmfold_n_hs_engaged_start_glycine_linker,0.530938329044741,0.5601711716004945,0.8125727476851853,0.49552031267945706,0.5122846464444902,0.5609279900696723,0.5587191361475814,0.4897987901280925
esmfold_n_hs_engaged_end,0.5328991549145938,0.55485429829537,0.8124390856481482,0.519840994991202,0.49786835359012527,0.5541586897554784,0.5597130655883698,0.5215436181004092
esmfold_binder_below_membrane_middle_glycine_linker,0.4502745613335195,0.5539561706343794,0.8121997013888889,0.5149516836542796,0.48114148328992834,0.5537744510038145,0.5570403210377092,0.5162590862823111
esmfold_end_C_B_ipSAE,0.5661590170147408,0.5475413955139433,0.8119144421296297,0.511316481865135,0.5381367450535622,0.5531148524662421,0.5458618929235907,0.5126713535352726
boltz_rosetta_A_B_dG_separated/dSASAx100,0.49973637961335676,0.5694140311720565,0.8118239714985845,0.5020206457483307,0.5350791030648769,0.5701548195528554,0.565628092319525,0.5050712620061203
chai1_plddt_hotspot_none,0.5998955278957971,0.5451124394989513,0.8117851689814815,0.5263515181513977,0.5125241544172295,0.5452089661142058,0.5392717140232366,0.5237823032154577
boltz_rosetta_A_BC_side2_score,0.5393788963792636,0.5551694431625538,0.8117712076316743,0.47317864117085956,0.48794032253538017,0.5551433193388874,0.5558488660882809,0.47680545642147915
boltz_rosetta_side2_score,0.5393788963792636,0.5551694431625537,0.8117712076316743,0.47317864117085956,0.48794032253538017,0.5551432590067311,0.5558488362216187,0.4768062462761643
esmfold_ipae_start,0.49405664266384747,0.44093205035661365,0.811678486111111,0.5848966283328058,0.506604413258917,0.6406733641214846,0.44893645132741866,0.5850421666624291
esmfold_ipae_end_glycine_linker,0.5415357648654578,0.6158639864999703,0.8116683009259259,0.5880558245955019,0.7023142426050323,0.616197216977229,0.5117515390863211,0.5882852165496368
boltz_rosetta_A_B_nres_all,0.4737159982162999,0.5437618993865969,0.8114905550578115,0.4919784332811064,0.4965079077551874,0.5440203623440709,0.5393665603532963,0.49684281918093653
esmfold_end_C_B_pdockq_max,0.5200969587563747,0.5479660022564192,0.811482701388889,0.546461608754644,0.5692109319481746,0.548396622457043,0.5324624583838231,0.5468562656192248
esmfold_end_C_B_pdockq,0.5200969587563747,0.5479660022564192,0.811482701388889,0.546461608754644,0.5692109319481746,0.548396622457043,0.5324624583838231,0.5468562656192248
esmfold_end_glycine_linker_C_A_lis_score_max,0.5039733891182787,0.5243155241398039,0.8114173703703704,0.4975131357109854,0.5140533402835612,0.5228314875648478,0.5208556138442165,0.49952881652664133
chai1_A_B_pdockq2,0.44298935664465855,0.5427252664061004,0.8114033865740741,0.48844009838992275,0.5648173223568602,0.5423366979645704,0.540089654224621,0.4879412350793466
max_pident_within_team_hamming,0.5179248199788562,0.5560674038194768,0.810553375,0.5077591217901566,0.6021492595360316,0.5555564862659408,0.5493689264786965,0.517033370235608
boltz_rosetta_A_C_nres_int,0.5668990285829202,0.5536575796585067,0.8104917522060783,0.47525168061330636,0.470695127271614,0.5538141265209963,0.5528232388196839,0.4734046712532651
esmfold_n_hs_engaged_start,0.5204387579039754,0.535925049842371,0.8103814652777778,0.5171164723713266,0.621816401994661,0.5389723732960123,0.5360538473178476,0.51443134028903
esmfold_n_hs_engaged_end_glycine_linker,0.5294620476199974,0.5418392222586583,0.8103513888888889,0.5147102678794527,0.5094510202377873,0.5419175811556503,0.5457601469742116,0.5151041106311742
boltz_rosetta_A_C_nres_all,0.4884592852958407,0.5386402573914584,0.8102090790470153,0.47934240384901455,0.48492404779095666,0.539512403959503,0.5416331861384759,0.4746781802906507
boltz_rosetta_A_C_dSASA_int,0.5606571710865706,0.5534817265060099,0.8102085720367069,0.4635627527699545,0.4633075184267662,0.5533554814690084,0.5534929987168087,0.46788720717124865
esmfold_middle_B_C_ipSAE_d0chn_max,0.477954474431346,0.5306351875763143,0.8100766458333333,0.501262188052305,0.530534848537296,0.5307948625767756,0.5248097322966145,0.5029448967084915
esmfold_middle_B_C_ipSAE,0.47039811601140963,0.5383579676650837,0.8100235324074073,0.5012832923625818,0.5242572453070691,0.5368041042290485,0.5322949421859375,0.5015800051877776
boltz_rosetta_A_C_dSASA_polar,0.5536356005560947,0.5531792059914175,0.8096101681493972,0.47773656345284454,0.4409322961447302,0.553441560372971,0.5527594884294759,0.4706462354077638
boltz_rosetta_A_C_dSASA_hphobic,0.563040465510759,0.5512410656372231,0.8095674276774587,0.4643903230163392,0.4695993438055705,0.5506547275764833,0.5516621125980329,0.47343738440147576
boltz_rosetta_A_BC_nres_all,0.48820418994657644,0.5389116917625308,0.8094593300972706,0.4933357985575674,0.4894529246830647,0.5399808228208071,0.5379412784388863,0.49681826786447253
boltz_rosetta_nres_all,0.48820418994657644,0.5389116917625308,0.8094593300972706,0.4933357985575674,0.4894529246830647,0.5399808228208071,0.5379412784388863,0.49681826786447253
boltz_rosetta_A_C_dG_separated,0.5575230176009234,0.5480703393303697,0.8093878838946293,0.48244436066134005,0.437348357090191,0.5470360500923414,0.5468940194637453,0.4915586913371634
chai1_A_B_pdockq2_max,0.43881940704392985,0.5274749101546905,0.808840025462963,0.4860637655775799,0.5734072847075304,0.5270039502618811,0.5254309451422234,0.48568595458678077
chai1_A_C_pdockq2,0.4317247371990505,0.5282754641512433,0.8087570439814815,0.48725913375135316,0.5889338153696415,0.5275513305957619,0.525241899084742,0.48444875353685074
esmfold_middle_B_C_ipSAE_max,0.483584083005871,0.5335810604536768,0.8087558425925925,0.5017136449448414,0.5307679933864239,0.5344368109213682,0.5290256955123911,0.5033942870068464
esmfold_end_C_A_pdockq_max,0.5222547606699512,0.5370340022713609,0.8084421134259259,0.4966288838976117,0.4964173068817437,0.5333044979761389,0.5342869959175774,0.503763205380259
esmfold_end_C_A_pdockq,0.5222547606699512,0.5370340022713609,0.8084421134259259,0.4966288838976117,0.4964173068817437,0.5333044979761389,0.5342869959175774,0.503763205380259
boltz_A_C_lis_score,0.5263551037573387,0.5349233775067347,0.8083086087962963,0.5263472597149026,0.5255173983071038,0.5314415710899419,0.5217906764818009,0.5213645132713547
esmfold_start_glycine_linker_A_C_ipSAE_max,0.47883255540262903,0.5113317180854599,0.8080411898148149,0.4890877564815595,0.5040410925432336,0.5124303698143757,0.5112836327312649,0.4875214033401923
esmfold_start_glycine_linker_A_C_ipSAE_d0chn_max,0.47882341305460807,0.5113263979436633,0.8080358240740741,0.48908713024089845,0.5040410925432336,0.5123916855918449,0.5112801323928017,0.4874180736311225
esmfold_start_glycine_linker_A_B_pdockq,0.4667536436412476,0.5333424747330052,0.8079272013888888,0.5112708915450122,0.4718536135415415,0.5334045760690288,0.5291043003352629,0.5083656358703638
esmfold_start_glycine_linker_A_B_pdockq_max,0.4667536436412476,0.5333424747330052,0.8079272013888888,0.5112708915450122,0.4718536135415415,0.5334045760690288,0.5291043003352629,0.5083656358703638
boltz_A_C_lis_score_max,0.5263887642205068,0.529346156837101,0.8078866967592593,0.5269427519594756,0.5154784254476075,0.5267056685884453,0.5175764773254881,0.5204319156789494
esmfold_end_glycine_linker_C_A_lis_score,0.5084092979341618,0.5108816425790644,0.8078724189814815,0.4978000165578031,0.5005553734288175,0.512290093522433,0.5114990980100048,0.4989945706187171
esmfold_end_C_A_lis_score,0.5184642185120911,0.5123255375522209,0.8074422245370372,0.5018255541509673,0.5007075793456062,0.5132240755432969,0.5112450595570088,0.5021678572962861
chai1_A_B_lis_score_max,0.4745688967346857,0.5203541974956621,0.8073965717592593,0.49327273494702195,0.5128634361681983,0.5206003955468829,0.5202270391756492,0.4908834389529957
esmfold_plddt_hotspot_end,0.47761059747737694,0.5326077857898108,0.8069524884259259,0.5803463010656988,0.5427031770821668,0.5325450194360627,0.5112897583235756,0.5803156778973745
boltz_A_B_lis_score,0.5307945448440482,0.5333733626839141,0.8068547662037038,0.5313802932835313,0.5293607249684898,0.5297032006086242,0.5186846817049171,0.5241953089314068
esmfold_middle_glycine_linker_B_A_pdockq2_max,0.49613943576752506,0.4934142021298452,0.8067051481481482,0.49418253737936574,0.5119048952273519,0.49369375011248706,0.49427294622571694,0.4960311371866589
chai1_A_C_lis_score_max,0.4721925095911542,0.517576489206734,0.806581912037037,0.49434072577034177,0.5136293017260865,0.516509263102632,0.5161937880715632,0.4879225104835818
esmfold_middle_glycine_linker_B_A_pdockq2,0.49513855643987,0.49228320507075163,0.8064738055555556,0.49404420081734424,0.5081801771900853,0.4925245640568277,0.49293633087132677,0.49563115727645934
num_pipi_between_chain,0.4370480771148745,0.521111313100419,0.8062174305555556,0.4949486175800032,0.49125859530737453,0.5218188919593527,0.5202622370235299,0.4973333420172038
boltz_A_B_lis_score_max,0.5297747574784407,0.5276470365508457,0.8061410949074075,0.5311347443203416,0.5177518422515479,0.5241625700631546,0.5135670479692773,0.5227144376402701
esmfold_n_hs_engaged_middle,0.4936223811328532,0.516360638715849,0.8061291851851852,0.5123349370521675,0.5071078635990641,0.5167122633003828,0.5196608733194451,0.5134715638519362
max_pident_cross_team_mmseqs,0.5278076981894826,0.5165444665940938,0.8061257152777778,0.5050182542890284,0.505701104231019,0.5166682589360554,0.5209229259084747,0.5086351072268047
boltz_rosetta_A_C_hbonds_int,0.5441391460972815,0.5330493820509059,0.8061132012403968,0.4935653829860562,0.4332579849320206,0.5332991270117984,0.5321527907946646,0.4977359473661901
chai1_A_B_ipSAE_d0chn_max,0.49231647983031807,0.5096740552871399,0.8060667291666668,0.48432319228431425,0.5063414889912872,0.5091985393154516,0.5088771778182218,0.48445464019906437
chai1_A_C_pdockq2_max,0.4193921252800883,0.5120744579879156,0.806000263888889,0.4846663095424924,0.5947973065152277,0.5113292702542609,0.5097522624340426,0.4805958704939324
esmfold_end_glycine_linker_C_A_pdockq_max,0.4838037071390102,0.5213985866081164,0.8059995439814814,0.4885593346117828,0.5128244938516954,0.5228623613664434,0.5188142636792186,0.48232504620716715
esmfold_end_glycine_linker_C_A_pdockq,0.4838037071390102,0.5213985866081164,0.8059995439814814,0.4885593346117828,0.5128244938516954,0.5228623613664434,0.5188142636792186,0.48232504620716715
num_disulfide_between_chain,0.5006152384656812,0.5194265968150914,0.8059730925925925,0.5080978553637074,0.488641315303465,0.5185740582415166,0.5200590784903395,0.5080344798088112
esmfold_n_hs_engaged_middle_glycine_linker,0.4986677105565862,0.5194295823201953,0.8059389953703703,0.48373490180734313,0.484190183074702,0.5200561422112389,0.521160518326786,0.48704552306187593
esmfold_middle_B_A_lis_score,0.5209507293931477,0.5074275122190639,0.805921775462963,0.49774277816138496,0.49069431350550075,0.5071540201425097,0.5070577241093785,0.4999162716236203
boltz_rosetta_A_BC_dG_separated/dSASAx100,0.4722936285182173,0.5448852087212063,0.8059014424202199,0.5000304752266027,0.4943539725020857,0.5435959105416506,0.5419325546258262,0.47756266377966006
boltz_rosetta_dG_separated/dSASAx100,0.4722936285182173,0.54488514838905,0.8059013976840161,0.5000311334388404,0.4943539725020858,0.5435958502094944,0.5419325546258262,0.47756200556742245
esmfold_end_C_A_pdockq2,0.5186150672544365,0.5196286773074784,0.8058926643518518,0.496259902900133,0.49297562058271965,0.5174687280367284,0.5192062876968743,0.5033530177472846
chai1_binder_below_membrane_none,0.45121954766986483,0.5193487048454379,0.8058502847222222,0.49462347342879665,0.6004724492019116,0.5206702224079618,0.5125501718652294,0.4904505814080921
chai1_A_B_ipSAE_max,0.4701412991442762,0.5107478749712344,0.8058167291666666,0.4962450609964666,0.5065771790898594,0.5097023397644037,0.5098683569930749,0.4928014262255311
esmfold_middle_B_C_lis_score,0.4878342359324198,0.5304552224605974,0.8058045949074075,0.4993867851447199,0.5434433356206643,0.5277722579734493,0.5234042630622144,0.4953124007799953
esmfold_end_C_A_pdockq2_max,0.5181731178398793,0.5190821459323951,0.8057832777777778,0.49614793106994093,0.4931028830549508,0.5168582417655807,0.5185245690006858,0.5031786097231878
boltz_rosetta_A_B_hbond_E_fraction,0.4997938689679896,0.5506383021469379,0.8056453351101163,0.48967008296370323,0.4986082657026153,0.550303805589521,0.5501088819032757,0.48769524878711223
chai1_A_C_ipSAE_max,0.47348594405547906,0.5082369378350488,0.8055776620370371,0.49968606555662587,0.504676132279668,0.507071515496724,0.5069925094701518,0.4958957439557444
esmfold_start_A_B_pdockq,0.5167990644884606,0.5028540155354931,0.8055146342592593,0.5693873399939455,0.5958462038113583,0.5027410474181975,0.5132209728390682,0.5686270838314555
esmfold_start_A_B_pdockq_max,0.5167990644884606,0.5028540155354931,0.8055146342592593,0.5693873399939455,0.5958462038113583,0.5027410474181975,0.5132209728390682,0.5686270838314555
esmfold_start_A_C_lis_score_max,0.512600648940485,0.5199415469229149,0.8055007777777778,0.4952536594059907,0.4820832255844402,0.5187408786451886,0.5193507877803407,0.4909138116250557
esmfold_middle_B_A_lis_score_max,0.5334038540814766,0.5075235860562932,0.8054887175925926,0.4951724359922552,0.49618925253150503,0.5070694638462973,0.5071813055034571,0.4970141471522771
esmfold_end_glycine_linker_C_B_ipSAE_d0chn,0.5029606662943238,0.5063518248256154,0.8052788564814815,0.5008528145321901,0.5020886316942605,0.5052227803717556,0.5035707063785806,0.5018467210853101
chai1_A_C_ipSAE,0.47885000897612356,0.504508876769782,0.8051582222222222,0.49866930121937825,0.5016803736833424,0.5047354355741581,0.5049785369524202,0.4973773041116081
chai1_A_B_ipSAE,0.4734466735151165,0.505541139920748,0.8051060162037037,0.49619734145809613,0.5028061375127008,0.5056885899145279,0.5064316080118747,0.49311623740583055
boltz_rosetta_A_C_side2_score,0.5166587974013938,0.5332475731842631,0.8050848078752659,0.49251632432170567,0.4784596907313813,0.5337787827372084,0.5350731380794327,0.49512014611258537
chai1_A_C_ipSAE_d0chn_max,0.4934736101968763,0.5071929166047399,0.8050130532407407,0.49594039491487574,0.5036503967534834,0.5068013909567325,0.5062246713355811,0.4888743336642807
chai1_A_B_lis_score,0.469793682138844,0.5071638114673053,0.8047722037037036,0.4862445612564192,0.5026908377128592,0.5065981643699691,0.5082246563896915,0.4858532234673418
esmfold_middle_B_A_ipSAE_d0chn_max,0.5110362685257215,0.5037837527623704,0.804537974537037,0.5006176611639734,0.49731450731097443,0.5035950858189808,0.5030715886722268,0.5011643066369863
boltz_binder_below_membrane_none,0.45372642105333144,0.5366172908457,0.8044830115740741,0.4738190071806006,0.5055145374467279,0.5363517931311536,0.5329751329566061,0.47396304253263755
chai1_A_C_lis_score,0.4765849922539378,0.5067220133091836,0.8044030671296296,0.49032739987006757,0.5096821288873595,0.5050958751808706,0.5056960368862333,0.48757720138309013
esmfold_start_glycine_linker_A_C_ipSAE_d0chn,0.4964920395082415,0.5026592502380763,0.8043817013888889,0.4945946663583892,0.49553665057390284,0.5028629437521783,0.5029229631898572,0.4978213713643442
esmfold_start_glycine_linker_A_C_ipSAE,0.4964920395082415,0.5026643722894869,0.804349449074074,0.4945946663583892,0.49553665057390284,0.5028201279301672,0.5029054892780048,0.49775023042525124
chai1_A_B_ipSAE_d0chn,0.4959318629113225,0.5049309932331192,0.8042638981481482,0.49460919514172513,0.5025887732101297,0.5048975584058184,0.5045135058753876,0.49178046607585457
boltz_angle_Nterm_deg,0.43784111079051147,0.5247890350408561,0.8042614827825152,0.5396708464898989,0.5823368379694712,0.5245637849354106,0.5192626231745945,0.5395472342316702
esmfold_start_glycine_linker_A_C_pdockq2_max,0.5449404583807073,0.5102560872892643,0.8042098009259261,0.5043662751368304,0.5107704775498817,0.5101533774241027,0.5062879691227921,0.4985392310340824
esmfold_start_glycine_linker_A_C_pdockq2,0.5474743432469631,0.510019567368333,0.8041906944444445,0.505108620816415,0.512813803804028,0.5100157046058053,0.5059832591034705,0.4989858032494625
boltz_rosetta_A_C_hbond_E_fraction,0.47236685640339604,0.5312946212857036,0.8040097447083056,0.493096340945514,0.4600440864686688,0.5319324377587834,0.5327161955081257,0.4919025414101066
chai1_n_hs_engaged_none,0.5387729057374053,0.5040772519679148,0.8038583541666666,0.5026700396823658,0.4682230697337262,0.5073406637340988,0.5071006727067137,0.49877676411681093
chai1_A_C_ipSAE_d0chn,0.49339174462596164,0.5041097670898519,0.8037603958333334,0.48856277893541844,0.4998131786907644,0.5040691161127739,0.5035814851986105,0.48260566464737453
esmfold_ipae_middle_glycine_linker,0.5062861953869374,0.6445022107453054,0.8036544583333333,0.5779240021888364,0.7027703513055094,0.6449638320913443,0.378129840832665,0.5781137531091283
esmfold_middle_B_A_ipSAE_d0chn,0.5094511100472742,0.5017351302885746,0.8036479606481481,0.5005088831611526,0.4959843599512127,0.5014804850973207,0.5012349388561711,0.5002516861216677
esmfold_end_glycine_linker_C_B_ipSAE_max,0.523002563181936,0.5323705442539015,0.8034250393518518,0.5012440270731353,0.5245606390408686,0.5336602966080927,0.4770638238658577,0.5033488845589218
boltz_rosetta_A_BC_hbond_E_fraction,0.47140899194711855,0.5364819046668672,0.8033032208727057,0.47360121342742434,0.4856734922453229,0.5361583734788529,0.5357564275744794,0.4723974748872285
boltz_rosetta_hbond_E_fraction,0.47140899194711855,0.5364819046668672,0.8033032208727057,0.47360121342742434,0.4856734922453229,0.5361583734788529,0.5357564275744794,0.4723974748872285
esmfold_middle_B_A_ipSAE_max,0.5125547294197434,0.5037970531168616,0.8031263402777777,0.500618663149031,0.4966206723123693,0.503757944414932,0.49862538097086556,0.5015505718767093
esmfold_middle_glycine_linker_B_A_lis_score,0.482018040346013,0.5005468285106626,0.8029812800925925,0.5012504147278778,0.4948163449810735,0.5014155963465794,0.499477574484355,0.5008015880461179
esmfold_middle_glycine_linker_B_A_lis_score_max,0.48184433573361524,0.500848123987829,0.8029727361111111,0.5019610726300141,0.4952090769703794,0.501249540005825,0.49918562958823887,0.5015968510615593
longest_dup_occurrences_dna,0.487664479152122,0.4998167380942868,0.802953675925926,0.49897258957151486,0.49499756674153095,0.49987363248301997,0.5002943617964837,0.49909326614689525
esmfold_end_glycine_linker_C_A_ipSAE_d0chn_max,0.4941929467616141,0.4998457158879017,0.8028334166666667,0.4992227727155962,0.49289671784993616,0.4999006152234612,0.4998557221602455,0.49885266448492765
ubiquitin_pident,0.4941979334968982,0.5000916309528566,0.8028276412037036,0.49874119364726444,0.49291020767199273,0.5002201633147698,0.5002025056922865,0.4987681846197548
esmfold_end_glycine_linker_C_B_ipSAE,0.4938690167487816,0.4898495656330612,0.8027875555555556,0.5009407387209988,0.5022657810556066,0.5075248736438025,0.49148784358843145,0.5015805688043726
esmfold_middle_glycine_linker_B_A_ipSAE,0.4920904144974368,0.4989248644297697,0.8027521736111111,0.4999257278576019,0.4929634033853854,0.49997155988029,0.5000490325189499,0.4987767014927447
esmfold_middle_glycine_linker_B_A_ipSAE_d0chn,0.4922400165559611,0.4995714314498032,0.8027514560185186,0.498759166754236,0.4930122721747222,0.4996146576018997,0.4997614213752169,0.4989543033442128
esmfold_middle_B_A_ipSAE,0.5186217162348155,0.5019889123717182,0.8027421203703703,0.5002868182227516,0.49452084152055237,0.5016399195594561,0.49777741008790327,0.5001271894782551
esmfold_end_C_A_ipSAE_d0chn,0.49191130758848134,0.4996648027681943,0.802735537037037,0.4995008861931594,0.493129862699064,0.49968805008992734,0.49964566018175255,0.49870587367398234
esmfold_end_C_A_ipSAE,0.49187764712531334,0.4997031191085796,0.8027291481481481,0.4990516211429368,0.49298020203171994,0.49968807838855395,0.500180739698747,0.49870587367398234
esmfold_start_A_C_ipSAE_max,0.4940724339922473,0.49966696761312746,0.8026577083333333,0.49861275168768726,0.49281221556837457,0.4998303638829835,0.49959112713093173,0.49853303125153814
esmfold_middle_glycine_linker_B_A_ipSAE_max,0.4919119309303918,0.49912282747198977,0.8026572800925926,0.4994717660024215,0.4932316726768491,0.49886392333743584,0.500067826002842,0.49884389711567323
esmfold_start_A_C_ipSAE_d0chn_max,0.4940724339922473,0.49966696761312746,0.8026563912037037,0.49861275168768726,0.49281221556837457,0.49977260638613974,0.499624130322157,0.4985686017210847
esmfold_end_glycine_linker_C_A_pdockq2,0.4819816787345661,0.500687585879257,0.8026427245370371,0.49091293488813026,0.4981526579530901,0.499202672046877,0.5007315707388262,0.49037186295700064
esmfold_end_glycine_linker_C_A_pdockq2_max,0.4821560066888743,0.500427153618868,0.8025998333333333,0.4909516365609819,0.49800503348530173,0.4990353847158665,0.5003985107559983,0.490329466464249
esmfold_end_glycine_linker_C_A_ipSAE_max,0.4943375620848543,0.49889114661620304,0.8025905,0.49875497094180704,0.492904862648159,0.49956120149629557,0.49911481718551726,0.4988877339619453
esmfold_end_glycine_linker_C_A_ipSAE,0.49410089993949424,0.49962791550845104,0.8025895578703702,0.49856384229206097,0.4927898173732619,0.49942420784503583,0.4996653565307245,0.49852858494284485
esmfold_start_A_C_ipSAE,0.4940333712325215,0.4996279155084511,0.8025789444444444,0.4985285849428449,0.49273000401131317,0.4996279155084511,0.4996653565307245,0.49852858494284485
esmfold_end_glycine_linker_C_A_ipSAE_d0chn,0.4940593438121264,0.4996279155084511,0.8025627013888889,0.49856384229206085,0.49282239656615306,0.49942420784503583,0.4996653565307245,0.49852858494284485
esmfold_start_A_C_ipSAE_d0chn,0.4940333712325215,0.4996279155084511,0.802551912037037,0.49852858494284485,0.49273000401131317,0.49943520186146106,0.4995498453614362,0.49843965876897867
esmfold_middle_glycine_linker_B_A_ipSAE_d0chn_max,0.49222193964055616,0.498842501277117,0.8025332152777777,0.4989856780013303,0.49328563196507513,0.49884884016947034,0.4987116115311039,0.4989948211149814
esmfold_start_A_C_lis_score,0.4943614568580908,0.4987419987048285,0.8024396296296297,0.4967138021312473,0.49571227278558205,0.49841823411815983,0.4978626405514378,0.49744756831377557
boltz_rosetta_A_C_dG_separated/dSASAx100,0.44788120032526296,0.5405549888690188,0.8022159521781713,0.49693608785501003,0.5354627548430058,0.5491394553056068,0.49016920897667615,0.49953655276347775
boltz_angle_Cterm_deg,0.4462529181858721,0.5188230596017148,0.8021403653913441,0.5321020639692777,0.5124777717963961,0.518610087090071,0.511161410552274,0.5316800182825031
esmfold_plddt_hotspot_end_glycine_linker,0.548445717724187,0.4959677711469693,0.8020068888888888,0.46418147652768593,0.5514405093756809,0.4970855668967647,0.4935784346258592,0.4834936112806484
boltz_A_C_ipSAE_d0chn_max,0.5336127785464639,0.5140392422192152,0.8019477510374085,0.5259491750591959,0.46597447686006027,0.516214768871573,0.5071293980642064,0.5309487142721717
chai1_z_axis_displacement_none,0.5328596765935943,0.5009372505122334,0.801769011574074,0.4662916570590912,0.5833976433026342,0.5011562818819402,0.49185494852988426,0.4778258828020663
boltz_A_C_ipSAE_d0chn,0.537158234207882,0.5120406094670207,0.8013334607792999,0.5255343347067163,0.4158492405228457,0.514470675966636,0.5055283925108819,0.5313632245479865
boltz_A_C_ipSAE_d0dom_max,0.5427887878198012,0.5116602474095178,0.8012460509800411,0.5189549165447364,0.47027140083047425,0.5142686479430283,0.5054757195543402,0.5265265451614854
boltz_A_C_ipSAE_d0dom,0.5468081692348972,0.511079585488885,0.8008135279200022,0.5179478526400456,0.468287959146602,0.5131093251296848,0.5047279498117291,0.5258520665043747
boltz_hs_pae,0.5504575196513372,0.5161170377182979,0.800554267951704,0.5345784101009045,0.4453714793033385,0.5167883333351452,0.5091032364666972,0.5347841075443092
esmfold_middle_glycine_linker_B_C_pdockq,0.5002316754100758,0.48152577931304746,0.8004073217592592,0.5236233633356884,0.5266418895117397,0.4814307383756883,0.4838086843897321,0.5173424826258922
esmfold_middle_glycine_linker_B_C_pdockq_max,0.5002316754100758,0.48152577931304746,0.8004073217592592,0.5236233633356884,0.5266418895117397,0.4814307383756883,0.4838086843897321,0.5173424826258922
boltz_A_C_ipSAE,0.5554848247307699,0.5064454018925115,0.800195044110797,0.5174356396714126,0.4662635821941815,0.5077918662944675,0.49752886183638684,0.525072557452484
boltz_A_B_ipSAE_d0chn_max,0.5389899287489238,0.5098330360493063,0.8000897504905324,0.5286160624811361,0.4359577317767697,0.5121772705785105,0.5029562039761217,0.5308245394308264
boltz_hs_pde,0.5435912944074832,0.5140509691841793,0.7998879517600288,0.5363068241229675,0.43736258334376066,0.5149515018359618,0.5060941272602782,0.5361568398076019
boltz_rosetta_delta_unsatHbonds,0.5346848796439594,0.5066307905521533,0.799881177163511,0.5212579515329369,0.5292286526328144,0.5061986162337301,0.49751775184794,0.520959781389286
boltz_rosetta_A_BC_delta_unsatHbonds,0.5346848796439594,0.5066307905521533,0.799881177163511,0.5212579515329369,0.5292286526328144,0.5061986162337301,0.49751775184794,0.520959781389286
boltz_A_B_ipSAE_d0chn,0.5416949443827742,0.5085209832638875,0.7996751312445916,0.5281309157990272,0.426746017126293,0.5111994500932722,0.5009967309423926,0.5314989520726042
boltz_A_B_ipSAE_d0dom_max,0.5488691544042213,0.5076167611919917,0.7996412429532502,0.5226078089801449,0.4676339542701881,0.5109432730413515,0.4982060555245956,0.5287174620326016
boltz_rosetta_A_C_iptm,0.5615271620806337,0.4946915545660009,0.7994951708299533,0.5293051885290985,0.5286223999061122,0.49703678614464786,0.5001528575765211,0.5290059652458673
amina_solubility,0.5130168335560743,0.4844097489447725,0.7992456620370371,0.4854539324218693,0.47222471091056806,0.4824041969806271,0.4792367978692607,0.4842039560624542
boltz_rosetta_A_C_delta_unsatHbonds,0.5395271008752371,0.5025762886541337,0.7991877262407681,0.5030570667377184,0.5096101102927107,0.5021704040728068,0.4970960196460514,0.5077162220618525
boltz_rosetta_A_B_delta_unsatHbonds,0.5290216317358725,0.5002249333616251,0.7990418762753531,0.5096107543454513,0.4772082779488567,0.4859470118357815,0.5139384277257242,0.5066403083382064
boltz_A_B_ipSAE_d0dom,0.5529078260442588,0.5073193205188314,0.799023428912635,0.5210664169702712,0.46994359887530346,0.5105257403742675,0.4923090724729417,0.5278059223147405
boltz_rosetta_A_C_side2_normalized,0.5769241372605779,0.5117797039649731,0.798999461729704,0.531804325458584,0.5667076034108238,0.5119467295798198,0.5002067111547838,0.5292940448593624
boltz_rosetta_A_C_sc_value,0.4977611940298508,0.4996041607226923,0.7989625639568962,0.49875729529533586,0.4922303339396924,0.49960416072269237,0.499781525366891,0.4987390628163533
boltz_rosetta_A_B_sc_value,0.4977611940298508,0.4996041607226923,0.7989625639568962,0.49875729529533586,0.4922303339396924,0.49960416072269237,0.499781525366891,0.4987390628163533
boltz_rosetta_total_score,0.4977611940298508,0.4996041607226923,0.7989625639568962,0.49875729529533586,0.4922303339396924,0.49960416072269237,0.499781525366891,0.4987390628163533
boltz_rosetta_dG_cross,0.4977611940298508,0.4996041607226923,0.7989625639568962,0.49875729529533586,0.4922303339396924,0.49960416072269237,0.499781525366891,0.4987390628163533
boltz_rosetta_sc_value,0.4977611940298508,0.4996041607226923,0.7989625639568962,0.49875729529533586,0.4922303339396924,0.49960416072269237,0.499781525366891,0.4987390628163533
boltz_rosetta_dG_cross/dSASAx100,0.4977611940298508,0.4996041607226923,0.7989625639568962,0.49875729529533586,0.4922303339396924,0.49960416072269237,0.499781525366891,0.4987390628163533
boltz_rosetta_A_BC_dG_cross/dSASAx100,0.4977611940298508,0.4996041607226923,0.7989625639568962,0.49875729529533586,0.4922303339396924,0.49960416072269237,0.499781525366891,0.4987390628163533
boltz_rosetta_A_C_dG_cross/dSASAx100,0.4977611940298508,0.4996041607226923,0.7989625639568962,0.49875729529533586,0.4922303339396924,0.49960416072269237,0.499781525366891,0.4987390628163533
boltz_rosetta_A_C_dG_cross,0.4977611940298508,0.4996041607226923,0.7989625639568962,0.49875729529533586,0.4922303339396924,0.49960416072269237,0.499781525366891,0.4987390628163533
boltz_rosetta_A_B_dG_cross,0.4977611940298508,0.4996041607226923,0.7989625639568962,0.49875729529533586,0.4922303339396924,0.49960416072269237,0.499781525366891,0.4987390628163533
boltz_rosetta_A_BC_sc_value,0.4977611940298508,0.4996041607226923,0.7989625639568962,0.49875729529533586,0.4922303339396924,0.49960416072269237,0.499781525366891,0.4987390628163533
boltz_rosetta_A_B_dG_cross/dSASAx100,0.4977611940298508,0.4996041607226923,0.7989625639568962,0.49875729529533586,0.4922303339396924,0.49960416072269237,0.499781525366891,0.4987390628163533
boltz_rosetta_A_BC_dG_cross,0.4977611940298508,0.4996041607226923,0.7989625639568962,0.49875729529533586,0.4922303339396924,0.49960416072269237,0.499781525366891,0.4987390628163533
boltz_rosetta_A_BC_iptm,0.5632470337241736,0.48517168329551613,0.798927232297358,0.5294909360225604,0.5250473904025187,0.48968618771903966,0.5007930196115256,0.528917369878681
boltz_rosetta_A_B_iptm,0.5647225209628484,0.4830801936831146,0.798755261359676,0.5295389855159081,0.5200328097214746,0.4873261144299495,0.5013116243318678,0.5288568143528181
boltz_A_B_ipSAE,0.5545481527855961,0.49948847965779275,0.7982283336240205,0.5198804515131903,0.47030977764473814,0.5030057561690479,0.4889794567359024,0.5255729536765128
boltz_A_C_ipSAE_max,0.5518654962761098,0.5014198202664593,0.798217322428471,0.5175612008347508,0.46315058294380873,0.5034500904828444,0.48671050943084726,0.5246975243457946
boltz_rosetta_side2_normalized,0.47413335701614756,0.4956184643674689,0.7981838860959739,0.5004675230484822,0.5124261179472889,0.49529778554847304,0.49587490481035784,0.5048169280942173
boltz_rosetta_A_BC_side2_normalized,0.47413335701614756,0.4956184643674689,0.7981838860959739,0.5004675230484822,0.5124261179472889,0.49529778554847304,0.49587490481035784,0.5048169280942173
boltz_A_B_ipSAE_max,0.5523063217574447,0.4845213213769692,0.7979608485421223,0.5213756327899743,0.46985980949749406,0.49159025569741166,0.4967228018900865,0.5266751456760352
esmfold_middle_B_C_lis_score_max,0.5052271374809673,0.4873167112105915,0.7974359421296296,0.4908064739757552,0.527089853413994,0.47385202659482284,0.4648409475371771,0.4755414821187625
boltz_rosetta_A_B_side2_normalized,0.5011995517938251,0.4727298985875584,0.7958217937477723,0.495345040368737,0.533473464103521,0.4825532147987158,0.47959259987564196,0.4962705427160403
boltz_plddt_hotspot_none,0.6528662923290713,0.4516971733407468,0.7948262222222221,0.5025280709245104,0.5947418200773349,0.45175808613445406,0.44790789353826127,0.5021207639985766
esmfold_middle_B_C_pdockq2_max,0.5968309712830538,0.43827274352128415,0.7939287777777779,0.4862467530987327,0.4491693323912517,0.4381989265538578,0.4445047728087263,0.47579924277484226
boltz_z_axis_displacement_none,0.5099369011762046,0.4793821017525792,0.793390337962963,0.47565357919708684,0.4893267509789029,0.4792186913334098,0.4801592203957277,0.4860528063660119
esmfold_middle_B_C_pdockq2,0.5963268954580815,0.43384494231664555,0.7928081990740741,0.48429294486038654,0.44828842155846643,0.4336968556037676,0.4404689659019529,0.47396260416417474
