feature,roc_auc_lr_up_vs_rest_10cv,roc_auc_lr_threeclass_micro_10cv,roc_auc_lr_threeclass_Down_10cv,roc_auc_lr_threeclass_Not_Sig_10cv,roc_auc_lr_threeclass_Up_10cv,roc_auc_rf_up_vs_rest_10cv,roc_auc_rf_threeclass_micro_10cv,roc_auc_rf_threeclass_Down_10cv,roc_auc_rf_threeclass_Not_Sig_10cv,roc_auc_rf_threeclass_Up_10cv
ratio_KE,0.7247463114594552,0.9443776133079136,0.6219559955397209,0.6587328318550953,0.7250607573395422,0.7319906162119676,0.9460916083112464,0.6604104907213505,0.657309475500369,0.7322930125815427
ratio_E,0.7065813267808714,0.9427688409680238,0.6355417153943086,0.6405897404142153,0.7065173716866163,0.7143866289362507,0.944503023633188,0.6419864559819413,0.6581188123013793,0.7144662252220354
dssp_ke_alpha_ratio,0.6991458519096622,0.941977286304438,0.6451539793485455,0.6295978644542672,0.6996001416280929,0.7039209338926778,0.943173149284515,0.6863304232732284,0.6283918166220861,0.7050754855489294
ratio_K,0.6822260219375241,0.9405879267952484,0.5697104444867507,0.6353258200334344,0.6821335651164817,0.6643489510437657,0.9404480251131495,0.6653000262902626,0.6245161437179994,0.6672517244703314
num_cysteines,0.6527161913907173,0.9402848963027823,0.7389204674227383,0.5912059205142718,0.6596469771485667,0.6500104969774266,0.939930361943759,0.7160193822694844,0.5884522849127891,0.6523355890634934
min_gravy_len_20,0.6546412165556568,0.9400883333616084,0.5859464947827427,0.6474986660555406,0.6543404422355735,0.612223811315788,0.9295659215109313,0.6160633504673321,0.5897952959504803,0.6135190178351293
longest_stretch_of_E,0.6638611775893934,0.9391346630431341,0.5683157007261551,0.6222228781023613,0.6674615481581858,0.6732502952130075,0.9402157861652154,0.581798072651781,0.6280907869288489,0.6775913630962421
dssp_kae_alpha_ratio,0.668661633060891,0.9390246278911659,0.6180188020705848,0.6080217227502058,0.6689744568914858,0.6830518768502951,0.9419760198600892,0.7035097500611929,0.6305224625444213,0.6837388148101459
gravy_score,0.6491999356741516,0.9388384713501512,0.5483020116583717,0.6358092422771078,0.6493244859029996,0.5590216307251397,0.9171835933223226,0.5038510701950012,0.5542842090683531,0.5630505699418472
dna_sequence_entropy,0.6599879551239153,0.9378617517445298,0.6585688124960338,0.5857377127607655,0.660376899419955,0.58479703989871,0.9138968522789779,0.5532055989193796,0.5247418243576136,0.5872228149139572
max_gravy_len_20,0.6460004430512327,0.9373912541961613,0.5837036634121134,0.6029441494912877,0.6465908690663112,0.5957052068715578,0.926297643609454,0.5928150525351971,0.559498263267973,0.5958653263285513
esmfold_plddt_binder_middle,0.640909293138638,0.9372855465114782,0.6679539829747886,0.5873464517077382,0.64265415494929,0.5867799954026484,0.9112030227558385,0.5112694570607486,0.5357433456137244,0.5825690390608055
esmfold_plddt_binder_end,0.6434070176349223,0.9370910853290108,0.666828034485572,0.5835220917792369,0.6440817902235834,0.5713321753444769,0.9124177045600252,0.5302827563073966,0.5437891623137445,0.576653540424254
esmfold_plddt_binder_middle_glycine_linker,0.6386377286858063,0.9369565512153004,0.6785054438974862,0.5814014769649107,0.6398973659770022,0.5558432247456164,0.9080640191821805,0.555833718621665,0.5005771745223746,0.5490858824227302
boltz_singleaascorewithoutseq_solublempnn,0.6436394341549865,0.9364710449541181,0.7292148277081237,0.5610884832463134,0.6444349335701217,0.5487743330595931,0.9089013598508168,0.5489923576926214,0.5079885236408138,0.5560669517148307
esmfold_plddt_binder_start,0.6331681777988696,0.9363451442184789,0.6667382849683157,0.57827678682005,0.6347172350637048,0.5329549478070817,0.9068881282989392,0.5572289156626506,0.5084122415012402,0.5324641619750816
longest_stretch_of_K,0.6424998285261965,0.9361811531481294,0.5645249168230484,0.5954372154878764,0.6369788354982288,0.6356684512300695,0.9357801052521959,0.5439432674263647,0.5964814152504478,0.6336042773908546
esmfold_plddt_binder_start_glycine_linker,0.6297472754202963,0.9361699653248615,0.6831461285321874,0.5743598320483869,0.6306273531303702,0.558751211902692,0.9115846213000505,0.5408138196125359,0.5470926762494613,0.5650119753596778
min_charge_len_20,0.6325534210414114,0.9360550691822441,0.6140294813565775,0.5861763808302439,0.6329561527581329,0.6612031019147598,0.9296321808014324,0.6369799740723617,0.609726239488074,0.6641419080121829
esmfold_plddt_binder_end_glycine_linker,0.626881345689334,0.9359505093811623,0.6817681561460289,0.5723620983071733,0.6284862478009642,0.5451465035101152,0.9086797159224131,0.5019495589581804,0.5311178473859511,0.5517125598536262
boltz_autoregwithseq_solublempnn,0.6381402229344821,0.9358734125605109,0.7310633051392931,0.5552156553187828,0.6387301855068488,0.5748969766851241,0.9093368981460354,0.5315365298666449,0.5101927631728703,0.5645308059639517
boltz_singleaascorewithoutseq_proteinmpnn,0.6368166305490314,0.935864348052449,0.7308348518226406,0.5551091712491468,0.6375898847139909,0.5656646185588414,0.9123403436722545,0.5534349587968125,0.5282010133733961,0.5725498710702375
esmfold_end_C_B_pdockq2_max,0.6254737543123344,0.935238778435421,0.6297070902118632,0.5744278313863338,0.6292781555350816,0.6167937040380691,0.931600510164741,0.6180469054547763,0.5585840820976744,0.6157612695364276
boltz_singleaascorewithseq_solublempnn,0.6311929849603573,0.9351847901822906,0.7316126809721957,0.5497010536907341,0.6315231878926518,0.5555562378462149,0.9080828865084142,0.5644750559801283,0.4962659200435814,0.5488306413491002
boltz_rosetta_per_residue_energy_int,0.6258345444636206,0.9351701317625946,0.6359677989610814,0.5743442066686034,0.6258689550849862,0.5744878726311126,0.9130127663410608,0.5269384535886209,0.5253966435140978,0.5657949618215893
boltz_rosetta_A_BC_per_residue_energy_int,0.6258345444636206,0.9351701317625946,0.6359677989610814,0.5743442066686034,0.6258689550849862,0.5744878726311126,0.9130127663410608,0.5269384535886209,0.5253966435140978,0.5657949618215893
boltz_rosetta_side1_score,0.6266407030611318,0.9351050095774451,0.6193378480060197,0.5778021417958846,0.626446288843451,0.5512513184945157,0.907341159693545,0.48036389349723946,0.5132345037707321,0.5458779319703174
boltz_rosetta_A_BC_side1_score,0.6266407030611318,0.9351049987991952,0.6193378480060197,0.5778021417958846,0.6264460571220949,0.5512513184945157,0.907341159693545,0.48036389349723946,0.5132345037707321,0.5458779319703174
boltz_autoregwithseq_proteinmpnn,0.6293971444513857,0.9350258756675859,0.7291132929007225,0.547477812925237,0.6301676179600735,0.5591501202170395,0.909717111685151,0.5526321992257971,0.5231624071109753,0.5541368286800595
dssp_alpha_ratio,0.619795770065679,0.934980208223283,0.5630236521707598,0.5869420244396373,0.6214018307840894,0.6373886347163081,0.9372828573381591,0.6556460605401289,0.5971234061630356,0.6407696810216502
esmfold_z_axis_displacement_start,0.6166330052776856,0.9349453621417554,0.6691388579147289,0.5644049218788882,0.6169444387801446,0.5364242799490584,0.907291881535567,0.5504854632978868,0.512103882154543,0.5278442174399054
dssp_beta_ratio,0.6163151994379367,0.9347699784613923,0.5716105958824008,0.5829267841000765,0.6195013680828858,0.6360436081054277,0.9357476519421188,0.5838065580606852,0.5816749211111225,0.6386720234464937
max_charge_len_20,0.6199207837372391,0.93438188602169,0.50740025565014,0.5924242178725795,0.6172193761690343,0.6322662024206539,0.9269685034320427,0.6487947274425014,0.6022236458679359,0.6307209685581927
dssp_other_ratio,0.6143467265187481,0.9343348066266663,0.6035872610079143,0.5734878008223193,0.6150734046911526,0.6327378712407845,0.9344899271974495,0.5973945443172237,0.5758236986469965,0.6328779468004843
boltz_rosetta_A_B_per_residue_energy_int,0.6175632506613327,0.934115878817206,0.6339960292637821,0.5661979824355299,0.6147683435259834,0.5492025541254745,0.9118809584994055,0.5277008712049099,0.5173681883471705,0.5480082622566694
boltz_singleaascorewithseq_proteinmpnn,0.6200462608515112,0.9340617073338293,0.7191320587088762,0.541758345206693,0.6205722683296226,0.5405929471434318,0.9079033046997631,0.5525419964281505,0.5112861539458713,0.5423281925178101
esmfold_end_C_B_pdockq2,0.6143549526268859,0.9340268935870513,0.6365085624665705,0.5601514427241094,0.6186343826294256,0.6169465242723485,0.9318164146751389,0.6165089250908827,0.5653989661014137,0.6137759968189292
boltz_rosetta_A_C_per_residue_energy_int,0.612034031525227,0.9338892122244062,0.6102677073984425,0.5678129908250085,0.6121758449950968,0.5106339247480262,0.9085082070228446,0.4948720389458511,0.5157688053374754,0.52317097699285
chai1_plddt_binder_none,0.5945104515600409,0.9326703215136818,0.6736317731422303,0.5478939110016949,0.5952669059266907,0.5484939502188376,0.907881996099955,0.5314975477530891,0.5234683559052554,0.5403439625464137
boltz_rosetta_A_B_side1_score,0.6032276931119436,0.9326107716836668,0.6088566455438005,0.5581204327111345,0.6001489273154988,0.5322351054146792,0.9070697579750479,0.5132715965441903,0.5046504795448346,0.5343309092189878
max_pident_cross_team_hamming,0.6506669635789641,0.93250163112643,0.7796282194239712,0.4628309831604703,0.6513937576120465,0.7119590001501555,0.946416653378881,0.757019953402776,0.6356690961238642,0.7131619815698103
esmfold_plddt_hotspot_middle,0.5925476558140742,0.9322660724775647,0.5712003771292846,0.5602617849122105,0.5930093606158968,0.5393977283892029,0.9075668831894894,0.5138019346007052,0.5208066399762031,0.5410454989516926
boltz_rosetta_A_C_side1_score,0.5936198305282692,0.9321881780664298,0.5685708975858286,0.5624524245766775,0.5952289036243074,0.4957362111889902,0.9050708776627479,0.49140489724133557,0.49280509132745126,0.5037409095712043
esmfold_z_axis_displacement_end_glycine_linker,0.6120875591584622,0.9317984042197623,0.4107726617531072,0.5701785961618666,0.6120481665279428,0.5193720212219687,0.9080329616554493,0.5402816684344602,0.5185360408065474,0.5361387992384709
aa_sequence_entropy,0.6261825899403272,0.9315998311350051,0.7582596752699284,0.47894123198210453,0.6263615946878341,0.5786429841261601,0.9135441071094177,0.6036366685704443,0.5348423784991688,0.5819951811226807
boltz_plddt_binder_none,0.5825210727401143,0.9314539098004061,0.6946358798625654,0.5280226718473482,0.5831872716386037,0.5503611609054557,0.910312054905439,0.5263478292402115,0.5279373109763085,0.5565809096824306
esmfold_z_axis_displacement_start_glycine_linker,0.5870812331654436,0.9312590067096976,0.5577995956738919,0.5501230353978511,0.5869625918311734,0.5309614489814456,0.904800322036858,0.500118306181838,0.49019459192102277,0.5314138849290283
chai1_ipae_none,0.5798591736631067,0.9311524960454064,0.6669549529948234,0.5299851038046064,0.5810016758088465,0.5347781314360608,0.9075732423568574,0.5570643748810138,0.5179201886465604,0.524043060316142
total_duplicated_nucleotides,0.5870047651179646,0.9311479584022504,0.5495213359079658,0.5523735723514885,0.5839877530628929,0.5772353927491607,0.9303441219230443,0.5298734441150607,0.5508154712093696,0.5766653582134097
longest_dup_substr_len_dna,0.5856532503091163,0.9309853253913728,0.5468932162056804,0.5510388562684971,0.5827663497954364,0.5769151538351739,0.9304324981820865,0.5277103900931037,0.5518123125677823,0.5763929697594361
esmfold_z_axis_displacement_middle,0.5771235871948924,0.9308388920899093,0.6567806213567589,0.5302987688358166,0.5781185986975406,0.510839461590795,0.9026928131341855,0.4952165320423908,0.49550210904045894,0.5062271638603666
num_disulfide_within_chain,0.5689515859936489,0.9307920929293797,0.703125368290317,0.5112238453326605,0.5681287434585061,0.5680504216401793,0.9321214714785632,0.6941875855566736,0.5230067320309096,0.5692127359618568
boltz_rosetta_A_BC_dSASA_hphobic,0.5732112038202509,0.9306584965234,0.4919823764584296,0.5654951297041556,0.5724102589532497,0.49865358306098345,0.9031633645738029,0.5152660302609989,0.49814839249565096,0.49600234316635183
boltz_rosetta_dSASA_hphobic,0.5732114355416069,0.9306584965234,0.4919823764584296,0.5654951297041556,0.5724102589532497,0.4987306304118522,0.9031509103061862,0.515337648562648,0.49813440681621507,0.49600211144499584
esmfold_end_glycine_linker_C_B_pdockq2,0.5762984274461896,0.9306181319779872,0.5439473469498762,0.5487453012939745,0.5783800962477824,0.5960759610411519,0.9308474985223559,0.6250936024005731,0.5462333768143284,0.589234967308751
esmfold_start_A_B_pdockq,0.5753587973476246,0.9305699424232363,0.5932624402803087,0.5407295779179818,0.5741000869418527,0.5619534851818827,0.9262157235220276,0.44672958198482415,0.519776329440106,0.5665749359058729
esmfold_start_A_B_pdockq_max,0.5753587973476246,0.9305699424232363,0.5932624402803087,0.5407295779179818,0.5741000869418527,0.5619534851818827,0.9262157235220276,0.44672958198482415,0.519776329440106,0.5665749359058729
esmfold_ptm_end_glycine_linker,0.5769850178240067,0.9305539798353175,0.5642679068418142,0.5449358915745252,0.5763827740197722,0.5109358576748894,0.9054663639817967,0.5379214374427732,0.5024535704378617,0.5169304891545137
esmfold_end_glycine_linker_C_B_pdockq2_max,0.5729344126605134,0.9304700819390571,0.5579369396321177,0.5456721170306222,0.5753129165191374,0.5778157388852534,0.9297909821445142,0.6378434732156617,0.5367029561289491,0.5774707057861749
boltz_all_hs_engaged,0.5725111736037861,0.9302440297064947,0.4988037930503051,0.5567593849696192,0.5722495601928663,0.5631066465099983,0.9291083955861686,0.5209669377283401,0.5586412787039191,0.565196657280407
esmfold_plddt_hotspot_end,0.5583831225286917,0.9300344358613409,0.5250337693890688,0.5575062202514953,0.5601418876207036,0.5282532056332389,0.9068872444824577,0.516840273056107,0.5302142760414316,0.5224982898963927
boltz_rosetta_dSASA_int,0.5697372372511544,0.9300203486888831,0.47521054874124036,0.5608587322917185,0.5685470005060795,0.48544164236682047,0.9024479959687622,0.5048745773160361,0.4831377074365619,0.49881601973153694
boltz_rosetta_A_BC_dSASA_int,0.5697372372511544,0.9300203379106332,0.4752105487412403,0.5608585393857952,0.5685470005060795,0.4850159702358553,0.9024257658285982,0.5048745773160361,0.4829945712415078,0.4986578699060695
esmfold_ipae_end_glycine_linker,0.5253594693395571,0.929897228741686,0.6544507601512142,0.5548484588938697,0.526112332025189,0.5263701220337349,0.9068487122395066,0.5301463189099512,0.5271734035202245,0.5261915807289399
boltz_rosetta_A_BC_side2_score,0.5708595796389225,0.9298103991614867,0.5512379087455919,0.5460216625635577,0.5691995278445651,0.5058923265009518,0.9033283741887562,0.5224160751357574,0.49472865274117384,0.4999045308013295
boltz_rosetta_side2_score,0.5708595796389225,0.9298103991614867,0.5512379087455919,0.5460216625635577,0.5691995278445651,0.5058923265009518,0.9033283741887562,0.5224160751357574,0.49472865274117384,0.4999045308013295
esmfold_binder_below_membrane_end,0.5576507671830654,0.9297938761045793,0.5280227002819404,0.5562572508513903,0.5557063932849005,0.5568501698980981,0.929698553263556,0.5411451675777602,0.5600432225011641,0.5623514666108063
esmfold_ptm_start,0.5631586679544195,0.9297413644716683,0.5041198654663801,0.5519934512297173,0.5658088651029491,0.5333626615329573,0.9071602844949207,0.499982775345173,0.5210590573767804,0.5382986739977124
esmfold_start_A_C_pdockq_max,0.5570850194924004,0.929732504750352,0.5873765944137724,0.5319146453019499,0.5688520616712486,0.557619600660684,0.9281803828912873,0.5374028846764031,0.5258024211236617,0.565070716723423
esmfold_start_A_C_pdockq,0.5570850194924004,0.929732504750352,0.5873765944137724,0.5319146453019499,0.5688520616712486,0.557619600660684,0.9281803828912873,0.5374028846764031,0.5258024211236617,0.565070716723423
esmfold_ptm_middle,0.5918005861623421,0.9297000514402749,0.6634048609789044,0.49535588635063277,0.592374444100467,0.5444599131322981,0.9084254839558099,0.548598910313942,0.5276689788370628,0.5371682213624845
esmfold_z_axis_displacement_middle_glycine_linker,0.5828445557530851,0.9296412453094942,0.4651790004260836,0.5449933775396547,0.5820184691189584,0.534634580056021,0.9093563421086321,0.5438408260581832,0.5485469940048697,0.5408544446936737
esm2_full_LL_alone,0.6020924901889178,0.9296366214403401,0.739829747885447,0.4611286848407195,0.603144273423785,0.574092555997783,0.9117622845802412,0.6262462944328103,0.523794077556669,0.5629165191374035
esmfold_binder_below_membrane_end_glycine_linker,0.5608830483778577,0.9295814368014845,0.5142670002810339,0.5545840813260507,0.5566650245346572,0.5447653218795012,0.9275692722963348,0.5311435357683556,0.5471891292110882,0.5433503154191098
esmfold_plddt_hotspot_middle_glycine_linker,0.5658389888792287,0.9295074225602692,0.5799106131070557,0.5316599130302936,0.5656260369530681,0.5013628691552923,0.90390687518901,0.5478491845485781,0.5045036781372387,0.5042174445398107
chai1_rmsd_alone,0.5667223106882866,0.9294363292247437,0.6752309463587987,0.5128743484120177,0.5681886434290312,0.5215099983130685,0.9080595408193982,0.5545609072860289,0.5302788995257215,0.5253003803937779
esmfold_end_C_B_lis_score_max,0.6020937646563758,0.9293718968475796,0.6124411868693735,0.493100526748914,0.6010144065801452,0.47285477003045745,0.9113939432832546,0.5825382795289511,0.47777366888161243,0.47798148917119765
esmfold_binder_below_membrane_start,0.5628844257295978,0.9292776518315339,0.5995598647411315,0.5270184036108901,0.5609428324877048,0.5539326821654268,0.9278594658933171,0.5903868294849829,0.5301913202365643,0.5550362551233592
boltz_rosetta_A_BC_nres_int,0.563313921262937,0.9292406393218013,0.49323705657845834,0.5485467046459849,0.5619657664137505,0.5084135707148697,0.9211824964413992,0.45707117408686665,0.49516838179323036,0.5055566781167913
boltz_rosetta_nres_int,0.563313921262937,0.9292406393218013,0.49323705657845834,0.5485467046459849,0.5619657664137505,0.5084135707148697,0.9211824964413992,0.45707117408686665,0.49516838179323036,0.5055566781167913
boltz_hs_iplddt,0.5601070135566262,0.9292106865656727,0.6614698069932099,0.5151481305294071,0.5602838169512514,0.562692792168189,0.9106991503570371,0.5273142230320831,0.5368803331253807,0.560987902291446
boltz_rosetta_A_B_side2_score,0.5644016213079837,0.9292010076973733,0.5706908899707182,0.5347519056211628,0.5594862320439121,0.5191692650354719,0.907471700465713,0.5391724913196805,0.5161669631630708,0.5284630293210935
num_pipi_within_chain,0.5477384227376116,0.9291471272267405,0.5416088734169182,0.5492195605062932,0.5467830355868389,0.5548304865592345,0.9291629389191627,0.5192907068454404,0.550130558728858,0.5521348720249295
chai1_A_C_pdockq_max,0.5550992833321902,0.9290263246032457,0.5747604413137879,0.5310993284173188,0.5576805433773109,0.5113816895638262,0.9117585606949435,0.5124633976084927,0.5116935712557829,0.5270060812952668
chai1_A_C_pdockq,0.5550992833321902,0.9290263246032457,0.5747604413137879,0.5310993284173188,0.5576805433773109,0.5113816895638262,0.9117585606949435,0.5124633976084927,0.5116935712557829,0.5270060812952668
esmfold_start_A_C_pdockq2_max,0.5529856369834699,0.929016225383205,0.5531221953275858,0.5323159860752789,0.5613508937956143,0.551609791432242,0.9277295071466372,0.5372533021476426,0.5214120752163344,0.5595007146286619
esmfold_start_A_C_pdockq2,0.5527170719318701,0.9290076351181331,0.5533533683265794,0.5319975948489489,0.5614937500115861,0.5482491366062275,0.9276187121280597,0.591706781981198,0.5185682560957308,0.557302489985003
esmfold_n_hs_engaged_end,0.5501477455365832,0.9289430087324733,0.5272766007596978,0.5498735115861226,0.550600297344844,0.5511517941721152,0.9291634023839032,0.5260355190513748,0.5509103809236104,0.5523998453955113
esmfold_plddt_hotspot_start_glycine_linker,0.5573016789602571,0.9288679274445302,0.6522650421097482,0.5123646909627819,0.5569765738977941,0.5122402171877926,0.9006536006112216,0.5022500838568722,0.48430363083670636,0.4958602979751261
dna_gc_content,0.519350007693149,0.9288659981378202,0.6437347584468801,0.5467443846050271,0.5176083899814808,0.5573736284412939,0.9301339891654015,0.6497189661580861,0.5424410392690873,0.5565023561427478
esmfold_binder_below_membrane_middle,0.5611109463314802,0.9288265281871388,0.5648993264253402,0.5357230904917827,0.5618474726615145,0.5478597288674758,0.9265303621895032,0.5655543165891558,0.5147747611149499,0.5498672468351498
boltz_rosetta_A_C_dSASA_hphobic,0.5394338769207383,0.9288100913562296,0.5490363258904694,0.5462967464101173,0.541149541840535,0.4763743857066852,0.9001045619567318,0.4501600079777348,0.49161090720955025,0.4752336214711154
closest_ab_pident,0.5307427040213852,0.9284491708842139,0.5448661463007789,0.543582849428825,0.5377160106480597,0.5619174525110254,0.9290288089898192,0.5398478791010544,0.5599782132050277,0.5701632569641536
chai1_iptm_B,0.5569158629025232,0.9284253078392085,0.6023869745347077,0.5150678816653337,0.5567529627892578,0.515463808831735,0.9032555024420172,0.5233788426845079,0.4974427426283895,0.5042184872859128
chai1_iptm_C,0.561943057720863,0.9283969179292973,0.6054538696546911,0.5097172500720504,0.5617859506414974,0.5274465835930157,0.9061264671111084,0.5256719881784474,0.5158934225638971,0.5205544953016178
boltz_rosetta_A_C_dSASA_int,0.535387790323687,0.9283852989760382,0.5446073231979839,0.5428789357148727,0.5372545375675931,0.4843897432712753,0.9024548401573702,0.4791772054357385,0.4846330177006617,0.48281450149321237
boltz_sap_score,0.55122443881722,0.9283619425087726,0.5544380683002892,0.5291215604391619,0.5506794301879168,0.5133295392823312,0.9055007250420841,0.548399013661871,0.5155047171285414,0.5098220889772931
msa_depth,0.5358031508543103,0.9283545378511759,0.5208019436663129,0.5443359541532067,0.5432466201123014,0.5485327635459671,0.9268655657575522,0.5397182409094617,0.5491779892798321,0.5625373071383154
esmfold_n_hs_engaged_start,0.5367417382067734,0.9283501942165162,0.6017668869609362,0.513523187484881,0.5372305544072475,0.5360627946337041,0.9279088680011678,0.5950637765508988,0.510488970218026,0.5370456407651625
esmfold_z_axis_displacement_end,0.5670323538626096,0.9283475212105717,0.4299146926305674,0.541513354684161,0.5673970832769478,0.5417872390122368,0.9078795817720052,0.5440343767847916,0.5391316417027111,0.5309679371794136
esmfold_ptm_start_glycine_linker,0.5506549835848592,0.928317503784944,0.526314739771728,0.5348903156210973,0.5500687285541885,0.5112455532671784,0.9048087075151842,0.531186144125033,0.5086173969506204,0.5112600358519283
boltz_rosetta_hbonds_int,0.5547807823283732,0.9282898036830185,0.48069478818207373,0.541042471325499,0.5537438292602898,0.5298430458567295,0.9253334159953235,0.5032645253701035,0.5105283230263697,0.527806446858878
boltz_rosetta_A_BC_hbonds_int,0.5547807823283732,0.9282898036830185,0.48069478818207373,0.541042471325499,0.5537438292602898,0.5298430458567295,0.9253334159953235,0.5032645253701035,0.5105283230263697,0.527806446858878
esmfold_binder_below_membrane_middle_glycine_linker,0.547532885894843,0.9282877558155609,0.5046261796622155,0.543950528118546,0.5440896224054159,0.5339157804097204,0.9275219288341916,0.4811807047603507,0.5494347470636826,0.5443989704156711
boltz_rosetta_dSASA_polar,0.557742876422074,0.92828683966433,0.43462246276301597,0.5485642590850008,0.556421137807471,0.4726922174992261,0.9005148306453492,0.49380048410345667,0.49374319283223317,0.4725998765388615
boltz_rosetta_A_BC_dSASA_polar,0.557742876422074,0.92828683966433,0.43462246276301597,0.5485642590850008,0.556421137807471,0.47268874167888614,0.900508956499221,0.49380048410345667,0.4937053832712755,0.47256940518054796
chai1_A_B_pdockq,0.5480518258715967,0.9282206719889521,0.6111180614104272,0.5154346922784002,0.5499226282392329,0.5154606805934291,0.9114808590894521,0.5185745238289501,0.5113114246218176,0.520983990834957
chai1_A_B_pdockq_max,0.5480518258715967,0.9282206719889521,0.6111180614104272,0.5154346922784002,0.5499226282392329,0.5154606805934291,0.9114808590894521,0.5185745238289501,0.5113114246218176,0.520983990834957
boltz_C_hs_engaged,0.5368043029728924,0.9281589557307318,0.5244753279483623,0.5416638213042986,0.5389938380657013,0.5520878325896621,0.9281750476576482,0.5555091698622934,0.541348998837549,0.5423513646534097
boltz_rosetta_A_C_nres_int,0.5388559638588836,0.9281489211801899,0.5238983020116583,0.540633896580048,0.5401627564460247,0.538578593395756,0.9261542443853026,0.4507107436518082,0.5373629837453611,0.5408569936285896
total_duplicated_residues,0.6105686256699066,0.9279479822696066,0.6831112259421434,0.4425704598529979,0.6129423792407326,0.6151263530209977,0.9338318288225964,0.6556836828125142,0.552984119598586,0.6143185723739947
longest_dup_substr_len,0.6136760090538169,0.9279276221557788,0.6792125613061727,0.440416472313949,0.6160885759517724,0.6075784932921302,0.9330032454819032,0.6561396828850392,0.546311503713246,0.6063386681768719
esmfold_ipae_start,0.5435035990961014,0.927788970750654,0.5218372360774928,0.529659864418001,0.5446364848055671,0.5482109025824882,0.910493716916297,0.5474734151051157,0.526070560356984,0.553480246217844
boltz_rosetta_A_C_side2_score,0.5411140884730675,0.9276855750005483,0.5401783205054983,0.527710550063524,0.543525033321531,0.4943567739567442,0.9040305987181945,0.48945488500276507,0.49082934886148855,0.5034094321714515
boltz_rosetta_dG_separated,0.5525729412484406,0.9276515157312543,0.5062171938317604,0.5289461125019628,0.5502670820349214,0.4990954756868684,0.905156747978717,0.49896017478491844,0.517755157629217,0.5098654208708645
boltz_rosetta_A_BC_dG_separated,0.5525729412484406,0.9276515157312543,0.5062171938317604,0.5289461125019628,0.5502670820349214,0.4990954756868684,0.905156747978717,0.49896017478491844,0.517755157629217,0.5098654208708645
esmfold_end_C_B_ipSAE_d0chn_max,0.5385469634306624,0.9276262084007791,0.5734753914076169,0.5181338319565638,0.5432802197089209,0.47362686558863726,0.9149761808224713,0.5744118686937365,0.48029398476891993,0.47197364957428156
esmfold_n_hs_engaged_end_glycine_linker,0.5380540921064583,0.9275644382513101,0.5228403455809695,0.5380848377101759,0.535879618901789,0.53606824008557,0.9277453080608095,0.5230561070466969,0.5370404450416812,0.5384107112733367
boltz_A_C_pdockq_max,0.5416084659860856,0.9275211420219579,0.5133137516204773,0.5299690926129763,0.5421823239242105,0.4770683911678941,0.9087629293998126,0.5154251316779535,0.4891275328065458,0.4807292410106017
boltz_A_C_pdockq,0.5416084659860856,0.9275211420219579,0.5133137516204773,0.5299690926129763,0.5421823239242105,0.4770683911678941,0.9087629293998126,0.5154251316779535,0.4891275328065458,0.4807292410106017
boltz_rosetta_A_B_nres_int,0.5446248987377674,0.9274868348529194,0.5487194828977309,0.5220812658641009,0.5418698476756494,0.5226727760774579,0.9248194174308572,0.5058604621646858,0.5136138532688101,0.5257628962203467
boltz_rosetta_A_C_dSASA_polar,0.5265389310415782,0.9274499947951833,0.5336664944201184,0.5350593012098674,0.5293360395298095,0.47612864520865117,0.903023991025943,0.48788517501155865,0.48644382560224264,0.48055649273970646
esmfold_end_C_A_lis_score_max,0.5456688034465308,0.9274092206762787,0.5726232242740715,0.5104260828870455,0.54822121418283,0.5141184346388206,0.9223616100213236,0.5747545486687154,0.5282783686486208,0.5306690166301783
boltz_rosetta_A_B_dSASA_hphobic,0.5434248138350626,0.927344400282123,0.5304373249204493,0.524764201444711,0.5402578780626612,0.4804239481240766,0.9025866312065123,0.5376830119575366,0.4890258713849912,0.47650472896943324
boltz_B_hs_engaged,0.5443742920912575,0.9272917161972154,0.5505865448248978,0.519551015321746,0.5402371390012994,0.5558783305310497,0.9283973598375381,0.5243733398605709,0.5426624952689822,0.5516971503834526
boltz_rosetta_A_B_dSASA_int,0.5418507306637796,0.9272019549330767,0.5280920521816385,0.5240837258004342,0.5386123088530534,0.4907158521506523,0.9038004992528409,0.4834353214211247,0.4954572584133025,0.5033309944924469
boltz_rosetta_A_B_hbonds_int,0.5431917021509304,0.9272001226306146,0.5134157397082687,0.5264048663219825,0.5395360660387326,0.5302220261344613,0.926600485482549,0.5162070403510203,0.5225558144353046,0.5320333919742845
esm2_binder_LL_car_target,0.5955542404081262,0.927153431252583,0.7118904511953005,0.43539310561946526,0.5971213719387292,0.5553793185909117,0.911218047636027,0.5736458248343259,0.5226744515781054,0.5632191472283344
boltz_autoregwithoutseq_solublempnn,0.5519018762014752,0.9271217216417403,0.6563871739780793,0.48625738202741814,0.5532850209754172,0.5061071321979606,0.9051328633772123,0.5473528425213269,0.5128556365374621,0.5007446365774941
esmfold_end_C_B_pdockq_max,0.5220314872247382,0.927034213031805,0.5468873235606081,0.5302970326825073,0.5226604948455902,0.5525701605921686,0.9261129205756594,0.5207312319254446,0.5369330928953906,0.5456900059506045
esmfold_end_C_B_pdockq,0.5220314872247382,0.927034213031805,0.5468873235606081,0.5302970326825073,0.5226604948455902,0.5525701605921686,0.9261129205756594,0.5207312319254446,0.5369330928953906,0.5456900059506045
esmfold_ipae_middle_glycine_linker,0.4971465832222616,0.9270037968109357,0.6450955061782118,0.5295543448779813,0.4974669379969265,0.4940812572644645,0.9022520958899493,0.4932928100664509,0.4870500324660668,0.5044045595347777
esmfold_start_glycine_linker_A_B_lis_score_max,0.5321925845458539,0.9268305795587778,0.5327594803593607,0.517502450869755,0.5373406220513458,0.47344264711062006,0.9156345917665681,0.5100546656150561,0.4901187798931841,0.4879577887109063
boltz_rosetta_A_B_dSASA_polar,0.5376836855188982,0.9268299328637911,0.5262716781346606,0.521036680289683,0.5347396656909653,0.5126436440685821,0.9041933017876955,0.4945669812432575,0.4882535725212457,0.5034086211467056
esmfold_middle_B_C_pdockq,0.5365603003850282,0.9268024159921118,0.5819916233783894,0.5100071876747003,0.5334161891661925,0.5269055142267643,0.9229158491813305,0.4724582302120446,0.5108558772840543,0.5225514699475939
esmfold_middle_B_C_pdockq_max,0.5365603003850282,0.9268024159921118,0.5819916233783894,0.5100071876747003,0.5334161891661925,0.5269055142267643,0.9229158491813305,0.4724582302120446,0.5108558772840543,0.5225514699475939
boltz_rosetta_A_C_packstat,0.5302615346256588,0.9267747374466856,0.5108655842330948,0.5281023419936518,0.5290035193839548,0.5130828718988731,0.9162704114991336,0.45563427524998407,0.49911996317811735,0.5018954806920498
esmfold_ptm_end,0.5037272380112005,0.926774489546941,0.6070457903850164,0.5276540286280106,0.5049525805417089,0.5046943270904509,0.9023927143256585,0.5028139646622608,0.4894159271618098,0.5049864118596844
esmfold_start_glycine_linker_A_B_pdockq2,0.5333507278831235,0.9266511540347484,0.5842063513648272,0.5073670772090525,0.532507841450687,0.5338650334327573,0.9243178461883831,0.554403165710245,0.5155556442922802,0.529940137104892
boltz_hs_pde,0.5231748003952239,0.9265786271920023,0.5154681933150208,0.5264603267749177,0.5255833121694494,0.519980289781459,0.9042517953492326,0.5109671190404961,0.5017744451350477,0.5089152474506016
esmfold_end_C_B_lis_score,0.5447319540042376,0.9265742727790925,0.5567071899335491,0.49795461849574274,0.5491951390420825,0.4688348679466336,0.9136155561271859,0.5446852874250954,0.4722605140479881,0.4625751472357496
max_pident_within_team_mmseqs,0.5628332153099227,0.9263980160604975,0.6318080448203649,0.46818325445410136,0.5619665774384965,0.5538442804681143,0.924286740159528,0.6130499424333904,0.53871949819768,0.5688374632258207
esmfold_start_glycine_linker_A_B_lis_score,0.5261613410919822,0.9263456984360825,0.5297746289900007,0.5149342943134807,0.5307640223861366,0.45519980405642135,0.9154857764719042,0.5249698568540528,0.4813065479600777,0.4734356954699402
seq_kl_vs_human,0.5777458748964206,0.9262817403019087,0.6177966946793947,0.45547229735907935,0.5783167204569174,0.5445178434712971,0.9087804440556992,0.5257009981234191,0.5335841496147475,0.5383626290919674
esmfold_start_glycine_linker_A_B_pdockq2_max,0.5290316735287085,0.9262626412433047,0.5847915363485545,0.503549468987865,0.5285914029523153,0.53043277670774,0.9236808192918428,0.6080402875610795,0.5105443342179999,0.5188601487465729
boltz_angle_Nterm_deg,0.5306534912993266,0.926253565956993,0.5998893995847951,0.4991380963349032,0.5298362100767275,0.4981118185306642,0.902136720115217,0.5030764140081772,0.4931387221217183,0.5014833642604103
boltz_rosetta_A_C_complex_normalized,0.5281950435728838,0.9261782798823042,0.49133146581812587,0.5232651295151078,0.5269838360450911,0.5455464545705647,0.9140001833595851,0.5422597840572222,0.5109708492143135,0.5577763601580153
boltz_rosetta_A_C_side1_normalized,0.52655851149616,0.9261558611227689,0.4966611366459065,0.5230645073549242,0.5253805559829527,0.5429744633796838,0.9103233666785794,0.5442533112132503,0.5085287566788853,0.5458223188448783
esmfold_middle_glycine_linker_B_C_pdockq_max,0.5109172041057317,0.926087915036178,0.5173792234400355,0.5243961369431434,0.5169427703863815,0.5231371456748746,0.9249942675878563,0.5793589708722021,0.5119335462243103,0.5199471536275515
esmfold_middle_glycine_linker_B_C_pdockq,0.5109172041057317,0.926087915036178,0.5173792234400355,0.5243961369431434,0.5169427703863815,0.5231371456748746,0.9249942675878563,0.5793589708722021,0.5119335462243103,0.5199471536275515
boltz_rosetta_A_C_hbonds_int,0.5279959949280829,0.9260522390294178,0.44400899308294123,0.527118232426174,0.5317415389264072,0.503875887261072,0.9242430720805586,0.4905409448176453,0.5079030663168125,0.507016175077534
boltz_rosetta_hbond_E_fraction,0.5296011287610694,0.9260003202002444,0.47536194439156176,0.5211178936833727,0.5299064216475945,0.49164470720616343,0.9172860944776969,0.5211845123156282,0.5130212462725754,0.4933652382744359
boltz_rosetta_A_BC_hbond_E_fraction,0.5296011287610694,0.9260003202002444,0.47536194439156176,0.5211178936833727,0.5299064216475945,0.49164470720616343,0.9172860944776969,0.5211845123156282,0.5130212462725754,0.4933652382744359
max_pident_cross_team_mmseqs,0.5177132438950692,0.9259461379386179,0.5221907947818362,0.5210700530144058,0.5167419838314107,0.527179061287518,0.9239805839746266,0.5128931074183869,0.5217623923729628,0.5263683841235649
num_disulfide_between_chain,0.5195359640813361,0.9259119385520773,0.5032137579664028,0.5185341117473149,0.5185558986061498,0.5193077185456797,0.9259902910388272,0.5055200485916579,0.5193456669664425,0.5190839915764652
esm2_binder_LL_car,0.5828959978941163,0.9258381075411082,0.7128278350422005,0.421506386922213,0.5843247917751895,0.5813739361672546,0.9130467447734811,0.5911682848776595,0.5402025589356532,0.5784110310488081
boltz_hs_pae,0.5118253200998811,0.925802948890337,0.525843781446327,0.5189300511547927,0.5153004452757577,0.5055270177832237,0.9033866036831738,0.5261710498880398,0.4919568839829055,0.505449854571677
boltz_rosetta_A_C_hbond_E_fraction,0.5311131106089452,0.9257813923907842,0.47541271179526234,0.5213593154463245,0.5291390763772127,0.49584512022630833,0.914206489838557,0.49966411923087384,0.49814443792422414,0.489669166785617
boltz_rosetta_A_C_delta_unsatHbonds,0.5095666161823073,0.9257778786813571,0.5368603080493531,0.5179960971273607,0.5130674624286994,0.4914293222057649,0.922730350113552,0.4794460007071174,0.4982452312691242,0.4927033262210325
boltz_rosetta_A_C_side2_normalized,0.52091262065731,0.9257687495037963,0.5026702747785725,0.5196003027851371,0.5196833388637497,0.5029588499947167,0.90498324510294,0.4787579210748185,0.47817211606609267,0.4921610982480012
rnn_solubility,0.5016747661004632,0.9257208401835397,0.5583036434677763,0.5189974717749698,0.5051573063597317,0.5533474698808581,0.928229784999138,0.5454377328728004,0.541689574245053,0.5512634838657055
esm2_full_LL_car_target,0.5941515151796025,0.9257155157281503,0.7196972993554352,0.40890258906755833,0.5960074873804548,0.601896453921745,0.9149075610952694,0.5535210820709474,0.5503934895022525,0.5970598499187122
boltz_rosetta_A_C_nres_all,0.5181371781158643,0.925667832751139,0.5093325899534934,0.5186972137054257,0.5168956150904362,0.518289187325398,0.9257502648054297,0.5116878348608883,0.5190812893986235,0.5176044507184289
esmfold_n_hs_engaged_start_glycine_linker,0.5222515066522567,0.9256595011640618,0.4825323868838787,0.518643392952838,0.5236314073272146,0.5317381789667451,0.9264048117469816,0.44853363793775564,0.5281982162375088,0.5365649348121481
esmfold_n_hs_engaged_middle,0.523231340406087,0.9254392907428781,0.49547626170596615,0.5160326041875245,0.5222661050976845,0.5232861425067803,0.9258633124782105,0.5098389041493288,0.5160747541317555,0.522878428780905
boltz_angle_Cterm_deg,0.5248806171573908,0.9254362189416918,0.5244671689013389,0.5069525223799807,0.5221555740108742,0.4944663781581304,0.9011950136539946,0.5381118152066505,0.4911096411679759,0.4830028909556375
esmfold_ipae_end,0.46936991255762917,0.9254159450538623,0.6876354175165674,0.5154038273306797,0.4698557163804753,0.5284500529251578,0.9072254551821944,0.5137285031774955,0.5066769562686131,0.5387874901981866
esmfold_middle_glycine_linker_B_C_pdockq2_max,0.49732141698536075,0.9254121618881908,0.5563191819195518,0.5169408052742023,0.5014603079854887,0.5046250424050082,0.9235131097253204,0.4940466153553265,0.5189343915380659,0.520291955005274
boltz_A_B_lis_score,0.5113987210834919,0.9253661603181447,0.5104163833664228,0.5162648629191219,0.5130547177541196,0.5059674042202947,0.9102734579929894,0.5249204492915227,0.495621228448068,0.49739881191826346
esmfold_start_glycine_linker_A_B_ipSAE_d0chn_max,0.5181440138958662,0.9253358842145225,0.5157310959413274,0.5103544183365568,0.5181450566419683,0.4866530816159691,0.9192497514697274,0.5153856962840073,0.49065091088247903,0.48288181654712936
esmfold_start_A_B_lis_score,0.502688894614981,0.9252973735280711,0.5703373312663748,0.5047934228339654,0.5100394436092177,0.4835688703676584,0.9159653008044605,0.553961670610206,0.5066804285752315,0.49783143568990873
boltz_A_B_lis_score_max,0.5116471263771201,0.9252667740769555,0.499180922334938,0.516281645734445,0.5137696939980462,0.5013226655000269,0.9090869074207193,0.492602464032201,0.4924705924565296,0.4949213630406291
esmfold_middle_glycine_linker_B_C_pdockq2,0.49455501157679893,0.9251764954568276,0.5602803992493677,0.5148839458675115,0.4978519430299143,0.5087145767563088,0.9240088391564157,0.5274828433372316,0.5143893350802894,0.5232494146718547
boltz_autoregwithoutseq_proteinmpnn,0.489292619582123,0.925108570926736,0.5736480912362769,0.5159440603687513,0.4917398288228,0.5047039435267249,0.9046951855994133,0.5229337213413473,0.510974321520932,0.5102192593814708
esm2_full_LL_target,0.584919852217388,0.9250004650814779,0.7058899253900478,0.4069632093681289,0.5865238274435944,0.573204483900927,0.9133379676933173,0.6263519087637232,0.5399692392214781,0.5617369415747041
esmfold_middle_glycine_linker_B_A_pdockq,0.5122264297671106,0.9249369704120445,0.5160647103085026,0.5022153316226435,0.5195492880593059,0.5347313237221494,0.9253618005161101,0.5414932869174213,0.510101132859325,0.531495450846339
esmfold_middle_glycine_linker_B_A_pdockq_max,0.5122264297671106,0.9249369704120445,0.5160647103085026,0.5022153316226435,0.5195492880593059,0.5347313237221494,0.9253618005161101,0.5414932869174213,0.510101132859325,0.531495450846339
boltz_A_B_ipSAE,0.506892204152076,0.9249345560840945,0.489215552956748,0.5135412241887053,0.512466377231245,0.4985745660785887,0.9129983719884843,0.4874971669975614,0.5053731051333423,0.5048973149983038
boltz_A_B_ipSAE_max,0.5073312002610109,0.9249339309456075,0.49056995476261706,0.5134663766904829,0.5121966535728653,0.4934978987507438,0.9109039317136656,0.4952364763795589,0.49303599971758577,0.49147624578035404
boltz_A_B_ipSAE_d0chn_max,0.5093899286483601,0.9248958298326475,0.49312373648091234,0.512947652662854,0.5113478582458508,0.5067105346089747,0.9124661905166448,0.48476660592709436,0.5060981420458908,0.5073312002610109
boltz_A_C_lis_score_max,0.5077837520692717,0.9248932214962018,0.49422158158593743,0.5127726869904631,0.5112213383854768,0.49437137240217194,0.9085315419336107,0.5089708722021267,0.49249923898613274,0.49175187833331174
boltz_A_C_pdockq2_max,0.5198244571695515,0.9248875090238202,0.5013874912743526,0.506921175167452,0.5162958043604398,0.5477447950749017,0.9187327026605743,0.5291772054357385,0.5250087097024349,0.5382631047695671
chai1_A_C_pdockq2_max,0.5034821926772344,0.9248874766890708,0.5924365634093938,0.49921824874601495,0.5022753878552056,0.4842996036637927,0.920854578970199,0.5437655815134126,0.48857881190785124,0.479081470448112
boltz_A_C_lis_score,0.503881448573616,0.9248810636304539,0.5086680809014841,0.5120598031510798,0.5081236872985182,0.4765457436494445,0.9054629472766177,0.49597940293907,0.4610800725480596,0.47301500534812896
esmfold_end_C_B_ipSAE_max,0.5417653413440952,0.9248799319142272,0.5741081708323135,0.4655296405738256,0.5472654794500232,0.4745427442482125,0.9157874165701492,0.5745528388950838,0.4807602383854237,0.4732324758407314
esmfold_plddt_hotspot_start,0.5625071833620359,0.924854915596496,0.6617168448058601,0.4300802835871396,0.567133152652468,0.5757869025528277,0.9120735119316628,0.577247137534336,0.5448399208777065,0.5659877539897782
boltz_A_B_ipSAE_d0chn,0.5098251013549211,0.924826471795336,0.48406447460269975,0.5128332594503647,0.5123097335945914,0.5033739788039842,0.911616519530264,0.4954576772099686,0.49236092543916,0.5010346358545235
esmfold_start_A_B_ipSAE_d0chn,0.514404262931442,0.9248258682133483,0.5239604014251135,0.5028878016711054,0.5140457899937158,0.48593103787068465,0.9178810107523604,0.5224514310061917,0.48619372307274444,0.47964988293437094
boltz_A_C_ipSAE_max,0.5065191327689219,0.9247983621199186,0.4880297714560272,0.5108657154861403,0.5130552970575095,0.5040583678289192,0.9111862841339355,0.47734731250056656,0.48179218862186846,0.497685335374953
boltz_A_C_pdockq2,0.5198719600475307,0.9247944819499991,0.5008295031140363,0.5057159954119256,0.5158861210030383,0.5411099174886596,0.9185750599793433,0.536667663883525,0.5162609083476952,0.5327742051494045
esmfold_end_glycine_linker_C_B_pdockq,0.5137709684655041,0.9247917227180565,0.4600564787366169,0.5159187896928051,0.5139928416638706,0.5205497450138198,0.9237501881074042,0.5602024350222561,0.5041045557820271,0.5065292126479077
esmfold_end_glycine_linker_C_B_pdockq_max,0.5137709684655041,0.9247917227180565,0.4600564787366169,0.5159187896928051,0.5139928416638706,0.5205497450138198,0.9237501881074042,0.5602024350222561,0.5041045557820271,0.5065292126479077
boltz_rosetta_A_BC_delta_unsatHbonds,0.5072965579182895,0.9247812893722727,0.5233067711024687,0.5118301486494463,0.5025127863844238,0.49923045337673627,0.9239069577504033,0.5173932751321313,0.5080730164351989,0.4967557851553738
boltz_rosetta_delta_unsatHbonds,0.5072965579182895,0.9247812893722727,0.5233067711024687,0.5118301486494463,0.5025127863844238,0.49923045337673627,0.9239069577504033,0.5173932751321313,0.5080730164351989,0.4967557851553738
esmfold_start_A_B_pdockq2,0.5041384275574159,0.9247807612380338,0.5249041311974761,0.5100410426642314,0.5041653072347115,0.5092527496056103,0.9231462881615519,0.5269896742727116,0.5033862705767925,0.5111247105800263
esmfold_end_C_A_ipSAE_d0chn_max,0.5091075761760786,0.9247800498735483,0.5205449336850789,0.5042485600537358,0.5122991902728936,0.484215025368854,0.9209089229055721,0.5212130689802097,0.48863041424232145,0.48489593857344915
esmfold_start_A_B_pdockq2_max,0.5106647436883738,0.9247694440757683,0.49808081082796196,0.5098296177723456,0.510957987064387,0.5248776047797628,0.9236344943743033,0.4845553772652688,0.5155316275048352,0.5186379279661724
boltz_A_B_pdockq,0.5235043081634507,0.9247629771259025,0.5893651354855086,0.4802886798560304,0.5231223155080909,0.5211248774194026,0.9110886924713344,0.5103542839529676,0.5169929863264424,0.5169982676511425
boltz_A_B_pdockq_max,0.5235043081634507,0.9247629771259025,0.5893651354855086,0.4802886798560304,0.5231223155080909,0.5211248774194026,0.9110886924713344,0.5103542839529676,0.5169929863264424,0.5169982676511425
boltz_A_C_ipSAE,0.5064689650953487,0.9247390709678982,0.4843273772290063,0.5116223889701023,0.5118180208771673,0.5048532879406645,0.9127344827100814,0.4785648236286002,0.49975771016039355,0.5033874186426318
esmfold_end_C_A_pdockq_max,0.5215352559408721,0.924728713069863,0.43449327785181363,0.5154193562575016,0.519733738258679,0.5189833086472849,0.9249382260781435,0.47494175346986145,0.5135990959656812,0.5250220830452265
esmfold_end_C_A_pdockq,0.5215352559408721,0.924728713069863,0.43449327785181363,0.5154193562575016,0.519733738258679,0.5189833086472849,0.9249382260781435,0.47494175346986145,0.5135990959656812,0.5250220830452265
esmfold_start_glycine_linker_A_B_ipSAE_d0chn,0.5097282418281147,0.9247269238804001,0.5062294324022953,0.5068531758295052,0.5116874458930634,0.4740490618992624,0.9192245357543753,0.5056084382677437,0.4886780620053651,0.4758644828628154
esmfold_start_glycine_linker_A_C_lis_score_max,0.5183845406633905,0.9247159192873783,0.5241349143753342,0.49683663221752694,0.5189061454357381,0.4843356363346502,0.9202703062171897,0.5212855938426391,0.4902340411823281,0.4866023346390059
esm2_binder_LL_target,0.581783271942622,0.924698286070744,0.7076450270608392,0.40361783484706615,0.5835974184387172,0.5800567161190936,0.9135874787865184,0.555764820002357,0.5462656885564734,0.582979301721597
esmfold_ipae_start_glycine_linker,0.47322992690581545,0.9246922610291188,0.6068753569583072,0.514209836118702,0.47637971529787315,0.5054125474333616,0.9050894863109867,0.5636940538678415,0.5011868536928175,0.502812633819083
esmfold_middle_B_A_pdockq2_max,0.517409457197358,0.9246835629815494,0.4553890505588947,0.510223338761706,0.5197019924329074,0.56587942425585,0.9284171648715025,0.5253787157659986,0.5295282061253803,0.5712539693868282
esmfold_middle_B_A_pdockq2,0.5177748817757643,0.9246757056374623,0.4569360965305919,0.5096442351800989,0.5198332625810793,0.5653696372726582,0.9283513043762431,0.5276546366051111,0.5290263613660363,0.5696890392091072
esmfold_n_hs_engaged_middle_glycine_linker,0.5080987772527487,0.9246076841031228,0.5017564615119621,0.5086370733547922,0.5081243824625863,0.5064778863675545,0.9241054931112864,0.4965546157542133,0.5049463972311056,0.504635817448062
esmfold_start_A_C_lis_score_max,0.5066244501252224,0.9245770630955077,0.504521471892083,0.5088408784627094,0.5080348221584937,0.5048815579460961,0.9241207389455951,0.5096924945832995,0.5071658763310991,0.5071759469524935
longest_stretch_of_A,0.4882114077350443,0.9245603029171052,0.5919057720724887,0.5185597682351076,0.47214384891026084,0.5359146088265444,0.9284312035418364,0.5814703509296781,0.5338730262348197,0.5436699750297067
boltz_rosetta_A_C_dG_separated,0.5100023681922583,0.9245395116732864,0.49976112123437316,0.5086263670760516,0.5071046926355246,0.5190238598845842,0.9072206642501687,0.4796717343414289,0.5280195853525761,0.5204995773402467
chai1_A_C_pdockq2,0.5051511657437977,0.9245381536138146,0.5768840599417988,0.49211940722324654,0.507267824470146,0.530942795412288,0.9248267735863296,0.516070602953575,0.515158258090378,0.5274086971513103
boltz_rosetta_A_B_dG_separated/dSASAx100,0.506009229925052,0.9244844994864272,0.5519577180052037,0.48827681768499775,0.5174290376519396,0.5218987108877523,0.9083940599685867,0.5188238280435511,0.5028713082146673,0.5123747314349484
boltz_rosetta_A_C_dG_separated/dSASAx100,0.5076550308560158,0.9244808241032533,0.49280870660973464,0.5078910096966092,0.5085418284854136,0.48907144154782445,0.9073590623664237,0.502089169318357,0.4960115735837715,0.5010508563494432
boltz_A_B_ipSAE_d0dom,0.5056666299002115,0.9244786792315479,0.48153517002547436,0.5093594095844151,0.5096518896413139,0.46117578196688797,0.9081432447071628,0.5033674200186751,0.47618846445727653,0.4671013604824253
boltz_A_B_ipSAE_d0dom_max,0.5066732274706595,0.924461121462662,0.48167024758174914,0.5098127385040608,0.5086953438837611,0.5045503122676993,0.9135865626352873,0.4975405006028629,0.5036964633013843,0.5100359677888777
esmfold_middle_glycine_linker_B_C_lis_score_max,0.5083091802439933,0.9243842833200053,0.5051687562892654,0.5025467439987932,0.5097653172450741,0.4886128649843078,0.9198103659644773,0.5019749426600306,0.48969313297352524,0.49164980507599537
boltz_A_C_ipSAE_d0chn_max,0.5051195357787042,0.9243608406267414,0.48751801789550986,0.5088087596264879,0.5062506835780002,0.5047396286155484,0.913184097399508,0.49263238053795316,0.5014444795533225,0.5018892242154378
esmfold_middle_glycine_linker_B_C_lis_score,0.5067908260588275,0.9243508060761995,0.5099458783214121,0.5008247692748705,0.509892763990872,0.4810135631144092,0.9193151646676212,0.5059606371309164,0.49637886646164625,0.48733225691039433
chai1_binder_below_membrane_none,0.49713013100598585,0.924347260032023,0.5749530854796159,0.48820187373381374,0.5083631713199405,0.5644147135645974,0.9301976562868313,0.5419098515960004,0.5597789413863069,0.5780844197975312
esmfold_start_glycine_linker_A_C_lis_score,0.5067961556500155,0.9243334099810602,0.501965877052227,0.5038802061932832,0.5078924293852339,0.4860645093717385,0.9215632488930036,0.503781718295303,0.49243741263772994,0.48916308734412106
boltz_A_C_ipSAE_d0chn,0.5078546588042065,0.9243052356361445,0.47951036652252343,0.5082268589089936,0.5078010153102934,0.5211211698777067,0.9149706569694609,0.5248098488763179,0.506283910449984,0.5135733101488392
esmfold_start_glycine_linker_A_C_pdockq,0.5047954734623434,0.9242350476735999,0.5414937401978115,0.4946564094729155,0.5067498113788163,0.4924136745260371,0.9219053451517849,0.5314572057983628,0.48775028096747725,0.48540468281053906
esmfold_start_glycine_linker_A_C_pdockq_max,0.5047954734623434,0.9242350476735999,0.5414937401978115,0.4946564094729155,0.5067498113788163,0.4924136745260371,0.9219053451517849,0.5314572057983628,0.48775028096747725,0.48540468281053906
boltz_A_C_ipSAE_d0dom_max,0.5044349150324132,0.9241235251231625,0.482353341129756,0.5056379649659695,0.5062775632552958,0.49570307503508265,0.912164830652894,0.504805225416338,0.5003435654493145,0.4934530606683586
esmfold_end_C_A_pdockq2,0.5149289959420956,0.9240990800526694,0.42575675161141174,0.5109854136115192,0.5137949516258498,0.5249976364421689,0.9237624375882754,0.5024694715657211,0.5024590682566744,0.5235127659929446
boltz_binder_below_membrane_none,0.5075567810010733,0.9240807893627987,0.4706455619316997,0.5060862783316107,0.5078128330994491,0.5021771380002632,0.9222361781395495,0.47963637847099455,0.5091673717378161,0.5018910779862858
boltz_A_C_ipSAE_d0dom,0.5046911988521451,0.9240767044061334,0.48195354782561395,0.5048457003391672,0.506324834411919,0.49544366297704473,0.9117487255420228,0.5166793585175918,0.4903227779070248,0.4903199562139326
esmfold_plddt_hotspot_end_glycine_linker,0.4900255542311393,0.9240401661393911,0.5557471420671399,0.508005788720945,0.4828813531044173,0.47934737070411776,0.9049742991556254,0.5634520021394834,0.5095771039188066,0.4968587852981141
esmfold_end_C_A_pdockq2_max,0.5142799444239501,0.9240269304486657,0.4258002665288694,0.5102550717860812,0.5131099832975247,0.5426253751568754,0.9260488277133636,0.4675469371844035,0.5346786978232881,0.5418403032027599
boltz_rosetta_A_B_dG_separated,0.53294289829657,0.9240253676024478,0.5634869047295277,0.4786519695501858,0.5178749854015545,0.5168795104561945,0.906647891889671,0.5058346251824454,0.5017523574068351,0.5276883848279978
esmfold_middle_glycine_linker_B_C_ipSAE_d0chn,0.5018041824777872,0.9240019249091841,0.5038624022047558,0.4994140482581174,0.505641719854442,0.48760962737352187,0.9215728092005556,0.5030147678751121,0.492166862080367,0.49131253464234276
esmfold_middle_glycine_linker_B_C_ipSAE_d0chn_max,0.5013853461268238,0.9239655914291874,0.501023960401425,0.4996439921186356,0.5053098948726553,0.48801595077126136,0.9215857215437877,0.499474648027777,0.4917135331607211,0.4916879232390568
esmfold_start_glycine_linker_A_C_ipSAE_max,0.5012897610674754,0.923941211028193,0.49778481873317193,0.5017855372256348,0.5030412269367734,0.49673342404452003,0.9231838449728981,0.4980087392459227,0.5000326011010299,0.49842626441075116
esmfold_start_glycine_linker_A_C_ipSAE_d0chn_max,0.5012874438539154,0.9239405535549566,0.49783105333297073,0.5018179454207413,0.5029763449570944,0.4981371920191457,0.9231841144291425,0.4980087392459227,0.5000341443484158,0.4984281181815991
seq_charge,0.5107562736239923,0.9239256580137656,0.5715276455709973,0.47579744415084163,0.5150750962570514,0.6077059400379281,0.916450020253409,0.5690840109875166,0.5583361979862936,0.5998495433235516
esmfold_end_C_A_ipSAE_max,0.5091877517652532,0.9239191587291504,0.5202829376195527,0.4898613469386023,0.515467400512753,0.48312106884719547,0.9208022613457838,0.5212130689802097,0.4904269471055817,0.48522544634167586
esmfold_start_A_B_ipSAE_d0chn_max,0.5056735815408914,0.9239118187410525,0.5254068191501898,0.493414770497894,0.5054040896038677,0.49707046275681677,0.9189715271191219,0.5224523375669723,0.49639690316547047,0.4947248633307443
esmfold_start_glycine_linker_A_B_ipSAE_max,0.5256145945525089,0.9239055996909316,0.5158498554035555,0.48157140779270485,0.5219396097070856,0.48096930433541385,0.9181592351029662,0.5158317241879482,0.4863725468636005,0.47590005209096087
boltz_rosetta_A_B_iptm,0.5019478497185049,0.9238314345542195,0.47478673157641854,0.503228280625648,0.5048265241240469,0.5233682877274808,0.9035116906609548,0.5011971135104752,0.501938704528698,0.5140457899937156
chai1_A_B_ipSAE_d0chn_max,0.5047186578328307,0.9238311219849759,0.5006019563581641,0.4989271537078255,0.5033878820853439,0.4944803973001682,0.9218005643965828,0.5019024177976013,0.4921545161012786,0.4954165515783932
esmfold_middle_glycine_linker_B_A_lis_score_max,0.50099721285553,0.9237527209961018,0.49455927547662437,0.5006638857348771,0.5004298431153731,0.5007101100954506,0.9237973968414253,0.4944019871812306,0.5012119314628403,0.50050295120319
esmfold_start_glycine_linker_A_C_ipSAE_d0chn,0.4999461247847309,0.9236816276605759,0.49350947809295875,0.49989129751224665,0.5008323431107387,0.500436910616731,0.9238471061293945,0.4942238479878883,0.5012032506962939,0.50125245392916
esmfold_start_glycine_linker_A_C_ipSAE,0.49997810233185835,0.9236783618508937,0.4935131043360802,0.4998583105993703,0.5008001338422552,0.500436910616731,0.9238471061293945,0.4942238479878883,0.5012032506962939,0.50125245392916
chai1_n_hs_engaged_none,0.4982910549995273,0.9236772085781675,0.4629715249258886,0.5018117724311972,0.5062323775908765,0.519918767761442,0.9257661950585993,0.5160234617929961,0.5101833107826308,0.528619672957747
boltz_rosetta_A_BC_iptm,0.5008376727019267,0.9236737703164889,0.4660012510538769,0.5022770615180847,0.504825133795911,0.5183589354535528,0.9041066877724917,0.5109934093031266,0.5067266295438508,0.5093847149178501
esmfold_middle_glycine_linker_B_A_lis_score,0.5000104274610198,0.9236621836979791,0.4941236730216577,0.5000141785853591,0.4995674920890329,0.4999534240074447,0.9237134989451651,0.4951820827327368,0.5004449375119843,0.4996904202683889
chai1_A_B_ipSAE_d0chn,0.5034871746863883,0.9236540568976477,0.4988124053777186,0.4977681749209182,0.5014307635125992,0.4841217575230656,0.9207726588827727,0.4993926042771537,0.4837792160843415,0.4825192884856731
esmfold_end_glycine_linker_C_B_lis_score_max,0.5111373393939281,0.9235858090200628,0.5224391924356568,0.483356848565378,0.5112354733881926,0.483404464065579,0.9188224747029626,0.5166249648707697,0.491801401808763,0.48439553630517523
esmfold_middle_B_C_ipSAE_d0chn,0.49656206610176085,0.9235741792885541,0.5074673411478874,0.49579291471976367,0.49987394358233794,0.47686806805563536,0.9184037396991459,0.5030084219496497,0.4865685392816261,0.4746141144258593
esmfold_middle_B_A_ipSAE,0.49895864422615266,0.9235714955043598,0.49319444822178105,0.4992371535264939,0.4989425395919108,0.4991725230377372,0.9236084433445935,0.4933331520211772,0.49973176431371596,0.4991072934760243
esmfold_middle_B_A_ipSAE_d0chn,0.49895864422615266,0.9235703745663829,0.49316362515524853,0.4992371535264939,0.49892631909699114,0.4991725230377372,0.9236084433445935,0.4933331520211772,0.49973176431371596,0.4991072934760243
ubiquitin_pident,0.49876168107355573,0.9235455630353975,0.4929940982893198,0.49913529919901606,0.4987124402854065,0.4986634312186133,0.9235760762605147,0.4932080466334865,0.499498926864349,0.49887696244816393
esmfold_start_A_B_ipSAE,0.5064058210258398,0.9235437630676848,0.5245596381009365,0.4781318951810943,0.5160658209146135,0.49585114498156424,0.9202233292155388,0.5219034150144597,0.5001881797281338,0.49567816498931305
esmfold_middle_glycine_linker_B_A_ipSAE_d0chn_max,0.49884394215493444,0.9235426421297079,0.492950130091472,0.49905128866943915,0.4987617969342337,0.4989424237312329,0.9235801181041808,0.4930271877578032,0.4996097513172581,0.49887696244816393
esmfold_middle_glycine_linker_B_A_ipSAE_max,0.4989748647210724,0.9235414026309837,0.49314685378081174,0.49905128866943915,0.4987617969342337,0.4989424237312329,0.9235801181041808,0.4930271877578032,0.4996097513172581,0.49887696244816393
esmfold_end_glycine_linker_C_A_pdockq_max,0.494801794820935,0.9235255586038122,0.5074750469145204,0.49301487651898945,0.5023275251603048,0.5084373221538592,0.9221340865576665,0.511701886552984,0.4786752147139379,0.5009017436568597
esmfold_end_glycine_linker_C_A_pdockq,0.494801794820935,0.9235255586038122,0.5074750469145204,0.49301487651898945,0.5023275251603048,0.5084373221538592,0.9221340865576665,0.511701886552984,0.4786752147139379,0.5009017436568597
esmfold_end_glycine_linker_C_B_lis_score,0.5024899618308583,0.9235146833497876,0.5180895138114535,0.49363960235144605,0.4984663522053385,0.4970580656642711,0.9212161030242023,0.5177803765853481,0.5014098529400985,0.4953392725061684
esmfold_middle_glycine_linker_B_A_ipSAE_d0chn,0.4986715414660732,0.9235054787244786,0.49277425730008073,0.49877263606329936,0.49845789437584465,0.4986715414660732,0.9235408960532442,0.4928050803666132,0.49933148452296483,0.49854015545722324
esmfold_end_C_A_ipSAE_d0chn,0.49845789437584465,0.9235054787244785,0.49277425730008073,0.4987726360632994,0.49845789437584465,0.49854015545722336,0.923543407385442,0.4928359034331457,0.49930139119893735,0.49862241653860195
esmfold_end_glycine_linker_C_B_ipSAE,0.49895540012716877,0.9235031614007768,0.49833646096802564,0.4983145809485338,0.49711344706835403,0.4960571452670449,0.923147834840395,0.4985649142846782,0.49669272439877976,0.4960017638629618
esmfold_middle_glycine_linker_B_A_ipSAE,0.4986715414660732,0.9235031506225269,0.49287941835060334,0.4987726360632994,0.49845789437584465,0.49842498994329315,0.9235373176743183,0.4928050803666132,0.49933148452296483,0.49854015545722324
esmfold_end_C_A_ipSAE,0.49845789437584465,0.9235019003455528,0.49277425730008073,0.4987726360632994,0.49845789437584465,0.49854015545722336,0.9235398290065162,0.4928359034331457,0.49930139119893735,0.49862241653860195
esmfold_end_glycine_linker_C_A_ipSAE_d0chn_max,0.49854826570468314,0.9235004883948321,0.49273618174730527,0.4987302932131452,0.4984496682677067,0.49854826570468325,0.923517615033727,0.4927053586807728,0.49910742429310584,0.49844966826770676
esmfold_end_glycine_linker_C_A_ipSAE_max,0.49854826570468325,0.9234979339496352,0.49273618174730527,0.49873029321314516,0.4984332160514311,0.49842498994329315,0.92351553483152,0.49266682984760707,0.4990989364324827,0.49842498994329315
esmfold_end_glycine_linker_C_A_lis_score_max,0.5034049136050096,0.9234953040566896,0.5036298693645915,0.49488847529858954,0.5030356656242296,0.4974862867301521,0.9221733517216024,0.5048392214456019,0.498080393157704,0.49654851040243503
esmfold_middle_glycine_linker_B_C_ipSAE,0.5048459887179507,0.9234937304322222,0.5039938535179092,0.48744269247284944,0.5090628539543712,0.4854992251237856,0.9207596495352925,0.5030156744358925,0.48767803769921875,0.4903990890570053
esmfold_end_glycine_linker_C_A_ipSAE_d0chn,0.4984167638351552,0.9234897532580548,0.4925820664146428,0.49866239032815995,0.4984167638351553,0.4983509549700523,0.9235113420923571,0.49265912408097395,0.4990734728506132,0.498367407186328
esmfold_end_glycine_linker_C_A_ipSAE,0.4984167638351552,0.9234897532580548,0.4925820664146428,0.49866239032815995,0.4984167638351553,0.4983509549700523,0.9235113420923571,0.49265912408097395,0.4990734728506132,0.498367407186328
esmfold_middle_B_A_ipSAE_max,0.49883745395696655,0.9234868215741157,0.4941381779941436,0.4990358561955789,0.49885297928781835,0.49880559227051713,0.9235330602656566,0.4943702575539177,0.4995911358956641,0.49865868093081533
boltz_rosetta_A_C_dG_cross/dSASAx100,0.4983180505375009,0.9234851617236501,0.4925820664146428,0.49866239032816,0.4983180505375009,0.49833450275377655,0.9235113420923571,0.49265912408097395,0.4990734728506132,0.498367407186328
boltz_rosetta_A_C_sc_value,0.4983180505375009,0.9234851617236501,0.4925820664146428,0.49866239032816,0.4983180505375009,0.49833450275377655,0.9235113420923571,0.49265912408097395,0.4990734728506132,0.498367407186328
boltz_rosetta_A_B_dG_cross,0.4983180505375009,0.9234851617236501,0.4925820664146428,0.49866239032816,0.4983180505375009,0.49833450275377655,0.9235113420923571,0.49265912408097395,0.4990734728506132,0.498367407186328
boltz_rosetta_A_B_dG_cross/dSASAx100,0.4983180505375009,0.9234851617236501,0.4925820664146428,0.49866239032816,0.4983180505375009,0.49833450275377655,0.9235113420923571,0.49265912408097395,0.4990734728506132,0.498367407186328
boltz_rosetta_A_B_sc_value,0.4983180505375009,0.9234851617236501,0.4925820664146428,0.49866239032816,0.4983180505375009,0.49833450275377655,0.9235113420923571,0.49265912408097395,0.4990734728506132,0.498367407186328
boltz_rosetta_dG_cross,0.4983180505375009,0.9234851617236501,0.4925820664146428,0.49866239032816,0.4983180505375009,0.49833450275377655,0.9235113420923571,0.49265912408097395,0.4990734728506132,0.498367407186328
boltz_rosetta_dG_cross/dSASAx100,0.4983180505375009,0.9234851617236501,0.4925820664146428,0.49866239032816,0.4983180505375009,0.49833450275377655,0.9235113420923571,0.49265912408097395,0.4990734728506132,0.498367407186328
boltz_rosetta_sc_value,0.4983180505375009,0.9234851617236501,0.4925820664146428,0.49866239032816,0.4983180505375009,0.49833450275377655,0.9235113420923571,0.49265912408097395,0.4990734728506132,0.498367407186328
boltz_rosetta_A_C_dG_cross,0.4983180505375009,0.9234851617236501,0.4925820664146428,0.49866239032816,0.4983180505375009,0.49833450275377655,0.9235113420923571,0.49265912408097395,0.4990734728506132,0.498367407186328
boltz_rosetta_A_BC_dG_cross/dSASAx100,0.4983180505375009,0.9234851617236501,0.4925820664146428,0.49866239032816,0.4983180505375009,0.49833450275377655,0.9235113420923571,0.49265912408097395,0.4990734728506132,0.498367407186328
boltz_rosetta_A_BC_sc_value,0.4983180505375009,0.9234851617236501,0.4925820664146428,0.49866239032816,0.4983180505375009,0.49833450275377655,0.9235113420923571,0.49265912408097395,0.4990734728506132,0.498367407186328
boltz_rosetta_total_score,0.4983180505375009,0.9234851617236501,0.4925820664146428,0.49866239032816,0.4983180505375009,0.49833450275377655,0.9235113420923571,0.49265912408097395,0.4990734728506132,0.498367407186328
boltz_rosetta_A_BC_dG_cross,0.4983180505375009,0.9234851617236501,0.4925820664146428,0.49866239032816,0.4983180505375009,0.49833450275377655,0.9235113420923571,0.49265912408097395,0.4990734728506132,0.498367407186328
esmfold_start_A_C_ipSAE_d0chn,0.4983180505375008,0.9234851617236499,0.4925820664146428,0.49866239032816,0.49831805053750083,0.49833450275377655,0.9235186820804548,0.49265912408097395,0.49920484178434893,0.498367407186328
esmfold_start_A_C_ipSAE_max,0.4983180505375008,0.9234851617236499,0.4925820664146428,0.49866239032816,0.49831805053750083,0.49833450275377655,0.9235186820804548,0.49265912408097395,0.49920484178434893,0.498367407186328
esmfold_start_A_C_ipSAE_d0chn_max,0.4983180505375008,0.9234851617236499,0.4925820664146428,0.49866239032816,0.49831805053750083,0.49833450275377655,0.9235186820804548,0.49265912408097395,0.49920484178434893,0.498367407186328
esmfold_start_A_C_ipSAE,0.4983180505375008,0.9234851617236499,0.4925820664146428,0.49866239032816,0.49831805053750083,0.49833450275377655,0.9235186820804548,0.49265912408097395,0.49920484178434893,0.498367407186328
chai1_A_B_lis_score,0.5134531626257551,0.9234805809674949,0.49523285013643736,0.4890784382490778,0.5090543961248775,0.4961998856223387,0.9209064924102475,0.506788327123392,0.49102948875686414,0.4887564163643476
esmfold_middle_glycine_linker_B_C_ipSAE_max,0.5046025654334765,0.9234800312767565,0.5013204057766053,0.48905557889717227,0.507514260132248,0.48576234472351937,0.9207143431623571,0.4994760078689475,0.4873956234275756,0.49093876809512066
esmfold_middle_B_A_ipSAE_d0chn_max,0.49883722223561056,0.9234778648485512,0.49429138676602574,0.49898531484368636,0.49883652707154263,0.49880559227051713,0.9235330602656566,0.4943702575539177,0.4995911358956641,0.49865868093081533
esmfold_end_glycine_linker_C_B_ipSAE_d0chn,0.49808042028692673,0.9234652758528122,0.49814608320414844,0.4982297023423023,0.4969880858147601,0.4963839882396777,0.9231763325328038,0.4985649142846782,0.4968626745171661,0.4963298813030526
esmfold_start_glycine_linker_A_B_ipSAE,0.514090859797457,0.9234646722708247,0.5059375198310171,0.48238383108848715,0.5140178675703182,0.47951258803094315,0.9192528178817889,0.5057553011141631,0.49194183732089175,0.4832263862034959
esmfold_end_C_B_ipSAE_d0chn,0.49884255182679854,0.9234430834365225,0.5154038274996148,0.49310940042138374,0.49825038790154985,0.48817583850689883,0.9210010553846616,0.5158697997407236,0.4901116423740237,0.4861313609829434
max_pident_within_team_hamming,0.5299915792459231,0.9234407337780712,0.5777869944790448,0.4605817000953341,0.5213271701631874,0.6444420010714798,0.934165404874929,0.5673592791028674,0.5758311255250417,0.6357945076477316
esmfold_middle_B_A_pdockq_max,0.49905202793261916,0.9234152539955995,0.47282629388887376,0.49976108601405045,0.5005450086293034,0.5185640088536095,0.9241187880823857,0.4884155130680737,0.5078462555224144,0.5162596558289044
esmfold_middle_B_A_pdockq,0.49905202793261916,0.9234152539955995,0.47282629388887376,0.49976108601405045,0.5005450086293034,0.5185640088536095,0.9241187880823857,0.4884155130680737,0.5078462555224144,0.5162596558289044
esmfold_end_glycine_linker_C_A_lis_score,0.4998987377674296,0.9233968986362301,0.494728802342553,0.49481574976552284,0.5004926396028482,0.5006980605849388,0.9234517976514668,0.49476597133454814,0.49910983561714656,0.49818817071746496
boltz_A_B_pdockq2,0.48004821194532854,0.9233937729437951,0.5352579618700537,0.5025286108420073,0.48080095877028256,0.5216903933887116,0.9173655894589234,0.5254059125894095,0.5054094678998757,0.5321684855248303
boltz_rosetta_A_C_iptm,0.4994575403056126,0.9233884592666552,0.45023887876562685,0.5008312316232995,0.5044569285612328,0.5064079065180437,0.9051027597255866,0.5226159717878286,0.5130935859937954,0.5126169961126426
esmfold_end_C_B_ipSAE,0.4912752275040273,0.9233609747297251,0.5162605274370621,0.49807576341554605,0.49014662863964736,0.4907954484364371,0.9212941052178347,0.5158697997407236,0.4925045438990222,0.4894487997760644
esmfold_start_A_C_lis_score,0.49731898391112284,0.9233296423576249,0.49512496940357364,0.496870197848173,0.49647737194614416,0.49960676885887423,0.9233614274162156,0.49574913650085667,0.4984986131993177,0.4972633707856837
longest_dup_occurrences_dna,0.49939972582729153,0.923328521419648,0.4948230846637112,0.49525403202315477,0.4984717976572043,0.4995128058490177,0.9234818528009686,0.49589010670220385,0.4968665326356312,0.499558570816827
boltz_rosetta_side1_normalized,0.48745483750771634,0.9232848263950542,0.4816942714424289,0.5038344874894721,0.4905812220428184,0.5401136315185534,0.9075453698029355,0.4675646151196207,0.5026630662705152,0.544523404783841
boltz_rosetta_A_BC_side1_normalized,0.48745483750771634,0.9232848263950542,0.4816942714424289,0.5038344874894721,0.4905812220428184,0.5401136315185534,0.9075453698029355,0.4675646151196207,0.5026630662705152,0.544523404783841
esmfold_end_C_A_lis_score,0.4950775432345706,0.9232535263577032,0.4942374463995939,0.49649345258005884,0.4955203627458795,0.4980790299587907,0.9235172162384852,0.4944146790321557,0.4986827419030633,0.4981709074764432
chai1_A_C_ipSAE_d0chn,0.500123623343424,0.9232166431869681,0.49663756606561693,0.49237664727190517,0.4990590954339771,0.4972671941880576,0.9229964112092849,0.49628944672595576,0.5009505439368318,0.5008550518036263
boltz_rosetta_A_BC_complex_normalized,0.48727351554664916,0.9232141965242688,0.47801952731920916,0.5030909316082914,0.4908952044801934,0.554547323062207,0.9137809375917565,0.5117730515742428,0.5198082553704044,0.5576351259915356
boltz_rosetta_complex_normalized,0.48727351554664916,0.9232141965242688,0.47801952731920916,0.5030909316082914,0.4908952044801934,0.554547323062207,0.9137809375917565,0.5117730515742428,0.5198082553704044,0.5576351259915356
num_pipi_between_chain,0.5002729677573636,0.9231732715098675,0.464407970482381,0.4987643411085995,0.4986917012240449,0.49957803541073076,0.9231606340120045,0.4747191927982811,0.4972463643985174,0.4991074093367022
boltz_A_B_pdockq2_max,0.48000140423141735,0.9231726787061298,0.5328977308783668,0.49930505641147915,0.48052312486444293,0.539135651535571,0.9191048810144816,0.5273264616026182,0.517384585350647,0.5454108975773069
esmfold_end_glycine_linker_C_B_ipSAE_d0chn_max,0.500063607512221,0.9231676883764831,0.5100995403736843,0.489046608771741,0.498565760667061,0.48930269946110894,0.9220974728431757,0.5121211709139039,0.49495743916615254,0.490423072217351
esmfold_middle_glycine_linker_B_A_pdockq2_max,0.4980524978635291,0.9231366039041278,0.4989393238869701,0.494877479660964,0.49820103125272275,0.5444569007546701,0.9273901216176748,0.5394897875928092,0.524716650134629,0.5440975009315199
esmfold_middle_B_C_ipSAE_d0chn_max,0.494611551587662,0.9230547862100744,0.5143798670981896,0.4864264640691498,0.4981917623984829,0.4894141574333431,0.9188294751761925,0.5113374491192761,0.49386240869280384,0.4891360918061475
chai1_A_C_ipSAE_d0chn_max,0.5001055490776563,0.9230414535151008,0.4986306399412549,0.4888083699565228,0.49906952289499684,0.4987539184081299,0.9230509976552781,0.49954082696474383,0.5010038824246114,0.504072850413669
chai1_A_C_lis_score,0.5052538183045041,0.9230298345618417,0.5058468637529803,0.48357010606353473,0.5032675028409038,0.4937891724952312,0.9224632650840905,0.5061927166906905,0.4990036409063955,0.4977261183336083
esmfold_start_glycine_linker_A_B_pdockq_max,0.4963427418383104,0.923025825052925,0.4566120010516105,0.49690906839170856,0.49974302101620005,0.5301308437808768,0.9237382781414013,0.4586549357701687,0.5113306187611814,0.5271258812363169
esmfold_start_glycine_linker_A_B_pdockq,0.4963427418383104,0.923025825052925,0.4566120010516105,0.49690906839170856,0.49974302101620005,0.5301308437808768,0.9237382781414013,0.4586549357701687,0.5113306187611814,0.5271258812363169
esmfold_start_A_B_lis_score_max,0.4771537804875788,0.9230183341693303,0.5249095705621584,0.49816671855836003,0.48061407549667157,0.48221167838558804,0.9123576373740208,0.5078399376286182,0.49454442758446676,0.4884936443466477
chai1_A_C_ipSAE,0.49551120975231766,0.9230022206859144,0.49728575702357963,0.49470097074118696,0.49296065278686646,0.49989306059420774,0.9230384032704142,0.49628944672595576,0.49849986708781885,0.501439800645483
esmfold_end_glycine_linker_C_A_pdockq2_max,0.48944231157809664,0.9229508515474796,0.5007306879889762,0.4874405705076937,0.4982279109300183,0.506447878451953,0.9237605244489397,0.5559094164468257,0.495419931117153,0.5050514097000414
esmfold_start_glycine_linker_A_C_pdockq2_max,0.4762380176886814,0.9229463570173229,0.5172368933975178,0.4937810988461525,0.4862958831457008,0.5300396614272923,0.9228094247430374,0.5464077529077938,0.49093660455481747,0.5217592146314425
esmfold_end_glycine_linker_C_A_pdockq2,0.4890836069190143,0.922901594946001,0.500957328184068,0.4865491522363391,0.498181798380175,0.5234259863451238,0.9254213018440012,0.5446050567960329,0.5122136456248745,0.5275965073103454
chai1_A_C_ipSAE_max,0.49287561104921584,0.9228950633266365,0.4992815505815588,0.4933231401843486,0.49179416748078103,0.4996716508385532,0.9230515473460166,0.49924120862683236,0.4987209372758674,0.5014162809278494
esmfold_start_glycine_linker_A_C_pdockq2,0.47415159859929074,0.922882452774398,0.5198024604059579,0.4949012070895242,0.4829207457349367,0.5606571200557614,0.9270501756197239,0.5638839783513285,0.5302424403062266,0.5566760312990671
boltz_rosetta_A_BC_side2_normalized,0.48429114583429883,0.9228793055254633,0.49009491691370444,0.49871119552674315,0.48586986343270167,0.526107581737391,0.9101200188291713,0.49136999465129144,0.5128465699590692,0.5172217628990009
boltz_rosetta_side2_normalized,0.48429114583429883,0.9228793055254633,0.49009491691370444,0.49871119552674315,0.48586986343270167,0.526107581737391,0.9101200188291713,0.49136999465129144,0.5128465699590692,0.5172217628990009
esmfold_middle_glycine_linker_B_A_pdockq2,0.4959621395110865,0.9228691631924235,0.4957101543873009,0.4933336535571659,0.4951311867284838,0.5518749965241796,0.9279738231234458,0.5500108787293644,0.5264660174996537,0.5538572568640501
chai1_A_C_lis_score_max,0.5101970141312953,0.9228627501338067,0.5051424660266347,0.4824264632975262,0.5012291659328824,0.48518408407963065,0.921032048241894,0.5039494320396711,0.49264980205923214,0.4907672942916835
boltz_rosetta_A_BC_dG_separated/dSASAx100,0.4862278729277159,0.9228376368118273,0.5204116692503649,0.4903548967432465,0.4877529470322055,0.47907208573319415,0.9064564755627654,0.4977440234980554,0.4820468244405631,0.4827479974640415
boltz_rosetta_dG_separated/dSASAx100,0.4862276412063599,0.9228376368118273,0.5204116692503649,0.4903548967432465,0.4877529470322055,0.47907208573319415,0.9064564755627654,0.4977440234980554,0.4820468244405631,0.4827479974640415
esmfold_middle_B_A_lis_score_max,0.4986752490077692,0.9228122432553538,0.4792991378606979,0.4893304698378085,0.4984558088836407,0.49438353777336175,0.9222161737079643,0.4969879518072289,0.4943825795148571,0.494738534890748
chai1_plddt_hotspot_none,0.489417169810971,0.9227939202307339,0.5347317033370502,0.49029847176069474,0.4827302707803078,0.50087741291448,0.9030643124583568,0.5019522786405215,0.4958796259322661,0.5065462441675734
esmfold_middle_B_C_ipSAE_max,0.4819455464082263,0.9227472288527021,0.5147932588140371,0.4945093187064346,0.48176468788987115,0.4900006441853697,0.9190320362133672,0.5107989520157379,0.49765850790354854,0.4914929297179858
esmfold_middle_B_A_lis_score,0.49801055629809377,0.9227352757737,0.4732977054946649,0.49147577661031117,0.4957581088571317,0.49542918039229494,0.9227248693735408,0.47937528896624865,0.49568286189054744,0.49817774325644515
chai1_A_B_ipSAE,0.48992962158975684,0.9227338530447294,0.49885320061283506,0.49053863963514543,0.49032111482071256,0.4939587925278205,0.9213932435592791,0.49924392830917347,0.4891711295452011,0.4897420431520778
boltz_rosetta_nres_all,0.48161464831186357,0.9227206820235028,0.4972046198337367,0.4958678586709477,0.4840578024288106,0.4825983054680678,0.9228764492892725,0.49751103737750096,0.49752723542277455,0.48533505054306214
boltz_rosetta_A_BC_nres_all,0.48161464831186357,0.9227206820235028,0.4972046198337367,0.4958678586709477,0.4840578024288106,0.4825983054680678,0.9228764492892725,0.49751103737750096,0.49752723542277455,0.48533505054306214
chai1_A_B_ipSAE_max,0.4887778505897772,0.9227088367269981,0.5006935189969812,0.48941920656250515,0.4906575742296192,0.4948498770023042,0.9216695493814243,0.5014527636505389,0.4917604093000717,0.49557087800148664
longest_dup_occurrences,0.49942382484831527,0.9227034476021099,0.4927411678315974,0.49236430129281694,0.4890366833444252,0.48625116092399356,0.9231232496526547,0.5060902753225089,0.49725157285844523,0.48877924091791314
amina_solubility,0.4839305874043686,0.9226226538417854,0.5175405912589409,0.49566839394630346,0.4769919231204154,0.5097815377399938,0.9044489942071434,0.49695984842303753,0.5064659171885736,0.5169898098216487
chai1_A_B_lis_score_max,0.5136650718058138,0.9225611100355614,0.49445638082805266,0.4746660509109597,0.5067975459781514,0.48352287367849306,0.9190219639389511,0.5017736861667891,0.47918651186352135,0.48153389341929886
esmfold_end_glycine_linker_C_B_ipSAE_max,0.4865000296603336,0.9225580597908747,0.5101611865067494,0.49028429317533573,0.48387995628808345,0.4902020100437305,0.9219020416182283,0.5121211709139039,0.49382787853254145,0.4891691120993769
esmfold_middle_B_C_ipSAE,0.4776157170107574,0.9225502347815372,0.5076459336216196,0.49066528237376145,0.4839739192979399,0.4839514423264082,0.9188706265338393,0.5023652170759789,0.49317971463040955,0.48497414453109794
esm2_full_LL_car,0.5686082908047405,0.9225100858011196,0.7132938072833094,0.3738759854116825,0.5708351330358649,0.5839715325679732,0.9124813231793311,0.5655407181774503,0.5370527910207694,0.5762679560878761
boltz_rosetta_A_B_hbond_E_fraction,0.4682254407803633,0.9223988758199257,0.5145960818443073,0.4918866662268412,0.48035350483185374,0.4944047402774353,0.9190063732006493,0.5210263174594542,0.5185108665835627,0.5073620192013585
esmfold_middle_B_C_lis_score_max,0.476831456081388,0.9222494569432742,0.5239934908935969,0.4896668977679627,0.47452826166346274,0.49274202368748393,0.9147357288482075,0.5155089885501374,0.497957126272745,0.4994210441920432
chai1_A_B_pdockq2_max,0.4730114136671109,0.9222464390333368,0.5610160733226359,0.48781114278626375,0.4671911525078739,0.5039191032939654,0.9219590262247966,0.530160370602047,0.5004896916861791,0.5015765162455208
boltz_z_axis_displacement_none,0.48937673443434965,0.9221526682602812,0.4576599853137154,0.4899798876284416,0.48902660346543925,0.5271482423471704,0.9074262701429051,0.4810361083158821,0.5299629196234321,0.540334809552852
boltz_rosetta_A_B_nres_all,0.49517521378612317,0.9220918358185427,0.4948380429165874,0.49452484763325655,0.47275640431483706,0.49583886374969655,0.9221706571591582,0.4948498282067321,0.49536668908233494,0.4734367382160422
esmfold_middle_B_C_lis_score,0.47737287302967324,0.9220900142943305,0.5271945570090746,0.48915463608876286,0.4708975355970347,0.4830948843339679,0.913002381497401,0.5201795896905907,0.48141245331194393,0.4759384019753782
esmfold_start_A_B_ipSAE_max,0.47355526368963424,0.9219310566666267,0.5259063341401724,0.48466031388880204,0.4732080292376738,0.5080169796140821,0.9201200681935551,0.5219247191927983,0.5041488276914139,0.5034571667707869
boltz_rosetta_A_B_packstat,0.4800994223650038,0.9218751283285364,0.5220416655334656,0.49564601685920606,0.45979727162006595,0.5062081627091748,0.9181813143476332,0.5417725076377744,0.4983567308927648,0.497930148987563
boltz_rosetta_A_B_side2_normalized,0.49005950140979276,0.9218240394245958,0.5000834035917938,0.4914106708612131,0.4693991094484846,0.4930277361194273,0.9095571678475927,0.5588693373947258,0.5018473635740375,0.5065954849557227
boltz_rosetta_A_BC_packstat,0.4872172072571421,0.9218101031476347,0.5083113492344093,0.47451143681347197,0.4872959925181809,0.5040263902817917,0.9184780718987295,0.5051778218970691,0.5003710545433782,0.5018928158964557
boltz_rosetta_packstat,0.4872172072571421,0.9218101031476347,0.5083113492344093,0.47451143681347197,0.4872959925181809,0.5040263902817917,0.9184780718987295,0.5051778218970691,0.5003710545433782,0.5018928158964557
chai1_A_B_pdockq2,0.470003902187635,0.9215406361249727,0.5424823447288023,0.4813928733607337,0.46446413972983147,0.4843142021092205,0.9221092858049308,0.5582184267544217,0.5002992935399279,0.48990308949449524
boltz_rosetta_A_B_complex_normalized,0.48267546867961464,0.9215133994877873,0.5108415603724152,0.4875697210233119,0.4645846348349495,0.5439452600006304,0.9127760921433435,0.5446191084881287,0.5236548959330416,0.5443979276695691
esmfold_ipae_middle,0.4673382955689316,0.9214473288166575,0.5176217284487838,0.48063417436457756,0.46976221681333086,0.5338057127656222,0.9084304581180819,0.5081907766506205,0.5280303880842783,0.5421308817831793
boltz_rosetta_A_B_side1_normalized,0.48275981525319733,0.9214239507928922,0.5066287724260472,0.48667473399237715,0.4648134596739959,0.5712678726681879,0.9159299966473174,0.5404131197476135,0.5625066311411119,0.582479942199425
chai1_z_axis_displacement_none,0.47908274491556996,0.9214162551225519,0.5733607114689003,0.4569827507381545,0.48325743686519934,0.5693537384069807,0.9135035647228834,0.5366794491736698,0.5596141032748867,0.5751714506313016
esmfold_middle_B_C_pdockq2_max,0.48390196981690303,0.9211680966996978,0.4798557661798435,0.4807866664969095,0.47339282701908086,0.48708396747744426,0.9188232992390706,0.569824671145077,0.45949602555926317,0.47115868556524254
chai1_ptm_none,0.477263037106931,0.9210462809207238,0.5134384037277779,0.4691160510459938,0.47604510965981445,0.4928307729668305,0.9030566437336409,0.5097428087066097,0.4945923647063952,0.4972848050111133
esmfold_middle_B_C_pdockq2,0.48393105084708066,0.9209380241799687,0.4868294849828207,0.47773991034504304,0.47032379351958786,0.4969815976167923,0.9199922650968304,0.5843921963248027,0.47017741943573477,0.47971291114320197
esmfold_binder_below_membrane_start_glycine_linker,0.4709029810489006,0.9205099336553457,0.44697707307786444,0.4771171135718191,0.4718910409108688,0.5623087140206251,0.9275079009421072,0.480920068535995,0.5384997783510942,0.5617719314994596
boltz_plddt_hotspot_none,0.47549268594711935,0.9199753648011807,0.6071047168357403,0.42941610849337775,0.47676205553526707,0.4967656333130036,0.9012869144007137,0.4785099767013879,0.48596088562337747,0.49213885299782556
boltz_rosetta_A_B_delta_unsatHbonds,0.4729597398047237,0.9193669002665483,0.44647211872319975,0.4647040996752621,0.462356749857723,0.49922651411368435,0.9227877389044871,0.49164740225008385,0.4924096341847815,0.4949254181643591
esmfold_ptm_middle_glycine_linker,0.4450268889461498,0.9190999337978343,0.4086467767231454,0.47450265959396387,0.4545154150314863,0.5045050107426021,0.9008020548345183,0.48464693990408586,0.47354960788012973,0.500004982009154
