feature_combo,n_features,n_dna_detected,n_leah_detected,n_3class,auc_dna_detected,auc_leah_detected,auc_3class_avg,auc_3class_down,auc_3class_notsig,auc_3class_up
boltz_B_hs_engaged,1,12000,11796,6811,0.5073649924534073,0.6131882507013038,0.5359863213707058,0.5559488518407717,0.5154539828707256,0.5365561294006203
boltz_C_hs_engaged,1,12000,11796,6811,0.5699485202694168,0.5719393682442129,0.5357880456998081,0.5297977462899,0.5407568741061222,0.5368095167034022
boltz_all_hs_engaged,1,12000,11796,6811,0.5652686769858842,0.6409828663791992,0.5463829181139992,0.5155411714578404,0.5539497101974316,0.5696578726867256
boltz_hs_iplddt,1,12000,11796,6811,0.5704717119129781,0.6619947347548445,0.5801853397454315,0.6615958189416808,0.5168982695181248,0.562061930776489
boltz_hs_pae,1,12000,11796,6811,0.5346740171144755,0.5117032495224626,0.5207119098245859,0.5268935788299928,0.5198676703947664,0.5153744802489986
boltz_hs_pde,1,12000,11796,6811,0.5307415607816541,0.5047847992663941,0.5220254872261235,0.5141718113990952,0.5267411013462133,0.5251635489330622
boltz_A_B_ipSAE,1,12000,11796,6811,0.5550610376398779,0.5187460045678071,0.50922162201477,0.4936504482943059,0.5169630859083381,0.5170513318416657
boltz_A_B_ipSAE_max,1,12000,11796,6811,0.5508347794865657,0.5152275796704457,0.5109519226106757,0.4948579872537554,0.5200398389312703,0.5179579416470013
boltz_A_C_ipSAE,1,12000,11796,6811,0.5528113966848184,0.5215337541033025,0.5075919539448719,0.4922022174476688,0.5135672664883444,0.5170063778986025
boltz_A_C_ipSAE_max,1,12000,11796,6811,0.5502099831115899,0.5199430474656976,0.5080028964177564,0.49260654355571276,0.5146159030871507,0.516786242610406
boltz_rosetta_A_C_delta_unsatHbonds,1,12000,11796,6811,0.5409427589279184,0.5032604199325329,0.523223999631476,0.5377800139610359,0.5198449074958226,0.5120470774375697
boltz_rosetta_A_C_hbond_E_fraction,1,12000,11796,6811,0.42725953131337313,0.5498165469834846,0.5253418712770231,0.5196610369242206,0.5234348867275709,0.532929690179278
boltz_rosetta_A_C_hbonds_int,1,12000,11796,6811,0.5367813283333001,0.5594630463111548,0.5132178237255206,0.4779247917176607,0.5287738475124973,0.5329548319464038
boltz_rosetta_A_C_nres_all,1,12000,11796,6811,0.4558335244915192,0.5529623667655441,0.5200921208487784,0.519134325110827,0.5212126104916901,0.5199294269438178
boltz_rosetta_A_C_nres_int,1,12000,11796,6811,0.5789215270713236,0.5733393691572441,0.5358094048924319,0.526882246820238,0.5413793815204613,0.5391665863365966
boltz_rosetta_A_C_packstat,1,12000,11796,6811,0.4763030339297468,0.5642031512243382,0.5216365475278012,0.5114213059914602,0.5266588269699457,0.5268295096219976
boltz_rosetta_A_C_per_residue_energy_int,1,12000,11796,6811,0.4962977646127966,0.7319951191115557,0.5965626865217062,0.6093230710652995,0.5679738743650019,0.6123911141348173
boltz_rosetta_A_C_sc_value,1,12000,11796,6811,0.4980053058863423,0.4999412714726178,0.498596521444366,0.49759036144578317,0.4992115934916628,0.4989876093956521
boltz_rosetta_A_C_side1_normalized,1,12000,11796,6811,0.45543063783668775,0.5914030153888475,0.5201279335553177,0.4937968578603352,0.529829910989349,0.5367570318162691
boltz_rosetta_A_C_side1_score,1,12000,11796,6811,0.5370009524664393,0.6787963067001621,0.5771506231578024,0.5739780793603306,0.5623500879843916,0.595123702128685
chai1_A_C_ipSAE_d0chn,1,12000,11796,6811,0.49381250041556124,0.5046186864808198,0.5001514398819115,0.5035083902200224,0.4954798284063232,0.5014661010193886
chai1_A_B_ipSAE_d0chn_max,1,12000,11796,6811,0.483084993916183,0.5104026217545604,0.5055537394432807,0.5085511345608167,0.5019936827168253,0.5061164010522003
chai1_A_C_ipSAE_d0chn_max,1,12000,11796,6811,0.48337090007247385,0.5073481050993239,0.5003730252506733,0.5063010507039445,0.4939603084488551,0.5008577165992203
chai1_A_B_lis_score,1,12000,11796,6811,0.4730915764067581,0.5080794136925533,0.5037984670319733,0.5039730026199607,0.4959197503643028,0.5115026481116564
chai1_A_C_lis_score,1,12000,11796,6811,0.47983987593002614,0.505896297024976,0.5017699671846663,0.5129751511690102,0.4877526922915179,0.5045820580934708
chai1_A_B_lis_score_max,1,12000,11796,6811,0.4783847881302402,0.5237821672328687,0.4992033369013693,0.5025166127263003,0.48438937751959243,0.5107040204582152
chai1_A_C_lis_score_max,1,12000,11796,6811,0.4753482819034701,0.5201097198510817,0.5033759255919134,0.5128482326597588,0.48733765519763794,0.5099418889183432
chai1_A_B_pdockq,1,12000,11796,6811,0.4908293938124589,0.5832141852072146,0.5592118098358513,0.612027795153526,0.5157240511632806,0.5498835831907475
chai1_A_C_pdockq,1,12000,11796,6811,0.5403715699572471,0.5866468735232271,0.5533453622690421,0.5728702620867215,0.5299655238533961,0.5572003008670087
chai1_A_B_pdockq_max,1,12000,11796,6811,0.4908293938124589,0.5832141852072146,0.5592118098358513,0.612027795153526,0.5157240511632806,0.5498835831907475
boltz_A_B_ipSAE_d0chn,1,12000,11796,6811,0.5512197970066289,0.5264304586052976,0.5032305584965453,0.4764511771691733,0.5176205092947861,0.5156199890256765
boltz_A_B_ipSAE_d0chn_max,1,12000,11796,6811,0.5500952882000545,0.5268905821855524,0.5086588823621171,0.49310107246140317,0.5181178207649337,0.5147577538600143
boltz_A_C_ipSAE_d0chn,1,12000,11796,6811,0.5467273718575256,0.5288279019999361,0.49526672233752217,0.46076404942569377,0.5134761184396072,0.5115599991472655
boltz_A_C_ipSAE_d0chn_max,1,12000,11796,6811,0.544765091523215,0.5306660106586092,0.5018982567722361,0.4817278141913025,0.5140858940630115,0.5098810620623941
boltz_A_B_ipSAE_d0dom,1,12000,11796,6811,0.5555102593767245,0.5241553319479801,0.5059056459283483,0.4886462327866772,0.5150695213656813,0.5140011836326864
boltz_A_B_ipSAE_d0dom_max,1,12000,11796,6811,0.5524396771255128,0.5249715966280872,0.5052351432780297,0.48742509541552215,0.5148862607385905,0.5133940736799761
boltz_A_C_ipSAE_d0dom,1,12000,11796,6811,0.5514232142500948,0.5277661497191619,0.5059680485946455,0.4920340504229106,0.512585857603792,0.513284237757234
boltz_A_C_ipSAE_d0dom_max,1,12000,11796,6811,0.5478477250513634,0.5291729983667048,0.5056131535133281,0.4909933186470487,0.5126519278825065,0.5131942140104293
boltz_rosetta_A_BC_iptm,1,12000,11796,6811,0.5554279782445362,0.525452793559065,0.48901896041917503,0.4569936631401452,0.5047859959559202,0.5052772221614596
boltz_rosetta_A_B_iptm,1,12000,11796,6811,0.5574679685370248,0.5246834321787857,0.4916027040838277,0.46421441975577254,0.5054858586454841,0.5051078338502264
boltz_rosetta_A_B_side2_normalized,1,12000,11796,6811,0.49630171244489657,0.5412477485311609,0.49312379252805677,0.5100501328111543,0.4924304680244929,0.47689077674852304
boltz_rosetta_A_B_side2_score,1,12000,11796,6811,0.5324626077965944,0.6323230298736467,0.5525218702274226,0.5719632480259639,0.5301367278602837,0.5554656347960203
boltz_rosetta_A_C_complex_normalized,1,12000,11796,6811,0.455726517463547,0.5977414404423076,0.5178894684185413,0.48313615636360335,0.5303843226127796,0.540147926279241
boltz_rosetta_A_C_dG_cross,1,12000,11796,6811,0.4980053058863423,0.4999412714726178,0.498596521444366,0.49759036144578317,0.4992115934916628,0.4989876093956521
boltz_rosetta_A_C_dG_cross/dSASAx100,1,12000,11796,6811,0.4980053058863423,0.4999412714726178,0.498596521444366,0.49759036144578317,0.4992115934916628,0.4989876093956521
boltz_rosetta_A_C_dG_separated,1,12000,11796,6811,0.5196300756653967,0.521622818830887,0.5116562295355532,0.5109403754974752,0.5127796316037002,0.5112486815054844
boltz_rosetta_A_C_dG_separated/dSASAx100,1,12000,11796,6811,0.5011941153199158,0.5128671876737244,0.5105057948334091,0.5066024821634166,0.5119169563149104,0.5129979460219004
boltz_rosetta_A_C_dSASA_hphobic,1,12000,11796,6811,0.5808536792132928,0.5644237660861016,0.5447074445145587,0.5468832440370964,0.5467368612740201,0.5405022282325592
boltz_rosetta_A_C_dSASA_int,1,12000,11796,6811,0.5726613042639912,0.5683876766108044,0.5409557013868954,0.5449300588357946,0.5421911296455122,0.5357459156793792
boltz_rosetta_A_C_dSASA_polar,1,12000,11796,6811,0.559086995259277,0.5708605334429364,0.5323020015238469,0.5366427334620649,0.5330889601097557,0.52717431099972
boltz_rosetta_A_C_side2_normalized,1,12000,11796,6811,0.4499836684419444,0.5622027733472035,0.5179874241342111,0.5055236748347793,0.522946931194701,0.5254916663731529
boltz_rosetta_A_C_side2_score,1,12000,11796,6811,0.5703379011828537,0.5801395082325231,0.5359334465638513,0.5412593942360865,0.5251935135769118,0.5413474318785558
boltz_rosetta_complex_normalized,1,12000,11796,6811,0.4933871734519511,0.5697147086539314,0.48912663058244515,0.46300098815125057,0.5049925017467631,0.4993864018493218
boltz_rosetta_dG_cross,1,12000,11796,6811,0.4980053058863423,0.4999412714726178,0.498596521444366,0.49759036144578317,0.4992115934916628,0.4989876093956521
boltz_rosetta_dG_cross/dSASAx100,1,12000,11796,6811,0.4980053058863423,0.4999412714726178,0.498596521444366,0.49759036144578317,0.4992115934916628,0.4989876093956521
boltz_rosetta_dG_separated,1,12000,11796,6811,0.5592987237282163,0.6031898661775961,0.5126197437605438,0.5134080339416357,0.502138747971112,0.5223124493688837
boltz_rosetta_dG_separated/dSASAx100,1,12000,11796,6811,0.4908063301617697,0.49228093913218146,0.5001491275882152,0.5263183660148495,0.4894937647018427,0.4846352520479533
boltz_rosetta_dSASA_hphobic,1,12000,11796,6811,0.5607637849985705,0.6178262286492424,0.5418816463969441,0.49103502044294567,0.5640126476839522,0.5705972710639347
boltz_rosetta_dSASA_int,1,12000,11796,6811,0.5542731334649832,0.6287267764238245,0.5387357917736151,0.49021548949749333,0.5592868383760871,0.5667050474472648
boltz_rosetta_dSASA_polar,1,12000,11796,6811,0.5482730520149734,0.6319696278675992,0.530111151216953,0.48806603388724196,0.5471345368348073,0.5551328829288096
boltz_rosetta_A_C_iptm,1,12000,11796,6811,0.5530929394477356,0.5262653766614775,0.488513046040038,0.45644972667192474,0.5038295683884292,0.50525984305976
boltz_rosetta_total_score,1,12000,11796,6811,0.4980053058863423,0.4999412714726178,0.498596521444366,0.49759036144578317,0.4992115934916628,0.4989876093956521
boltz_rosetta_A_BC_complex_normalized,1,12000,11796,6811,0.4933871734519511,0.5697147086539314,0.48912663058244515,0.46300098815125057,0.5049925017467631,0.4993864018493218
boltz_rosetta_A_BC_dG_cross,1,12000,11796,6811,0.4980053058863423,0.4999412714726178,0.498596521444366,0.49759036144578317,0.4992115934916628,0.4989876093956521
boltz_rosetta_A_BC_dG_cross/dSASAx100,1,12000,11796,6811,0.4980053058863423,0.4999412714726178,0.498596521444366,0.49759036144578317,0.4992115934916628,0.4989876093956521
boltz_rosetta_A_BC_dG_separated,1,12000,11796,6811,0.5592987237282163,0.6031898956302176,0.5126195249776653,0.5134080339416357,0.5021385550651887,0.5223119859261717
boltz_rosetta_A_BC_dG_separated/dSASAx100,1,12000,11796,6811,0.4908063301617697,0.49228093913218146,0.5001492048286672,0.5263183660148495,0.4894937647018427,0.4846354837693093
boltz_rosetta_A_BC_dSASA_hphobic,1,12000,11796,6811,0.5607637849985705,0.6178262581018639,0.5418815691564922,0.49103502044294567,0.5640126476839522,0.5705970393425788
boltz_rosetta_A_BC_dSASA_int,1,12000,11796,6811,0.5542731334649832,0.6287267469712028,0.5387357917736152,0.4902154894974934,0.5592868383760872,0.5667050474472648
boltz_rosetta_A_BC_dSASA_polar,1,12000,11796,6811,0.5482730520149734,0.6319696131412885,0.530111151216953,0.48806603388724196,0.5471345368348074,0.5551328829288097
boltz_rosetta_side2_normalized,1,12000,11796,6811,0.4927854407276644,0.536397829518507,0.49073168732873623,0.48671797800683547,0.4960615362178942,0.489415547761479
boltz_rosetta_side2_score,1,12000,11796,6811,0.5746131955664598,0.6336624320178271,0.554523618055882,0.5562738538805334,0.541761913966273,0.5655350863208395
boltz_angle_Cterm_deg,1,12000,11796,6811,0.46118034361930604,0.5158563047827964,0.5141469344401665,0.5284415313624702,0.49681319414785163,0.5171860778101776
boltz_angle_Nterm_deg,1,12000,11796,6811,0.46102284589658177,0.5223666595145884,0.5467164909670589,0.6007823619534571,0.5082353467696167,0.5311317641781029
closest_ab_pident,1,12000,11796,6811,0.5653463869440621,0.6222046553697209,0.5447583953888012,0.5518543700762417,0.5444035676793071,0.538017248410855
ubiquitin_pident,1,12000,11796,6811,0.49817547822791375,0.5002349141095288,0.49907561350488744,0.4981941309255079,0.4996837307388258,0.49934897885032836
max_pident_within_team_hamming,1,12000,11796,6811,0.5152409174928025,0.5586647035512646,0.5202693083990388,0.5812641083521445,0.46873853415418665,0.5108052826907854
max_pident_cross_team_hamming,1,12000,11796,6811,0.7499308090479325,0.8286404066111122,0.6339822245347427,0.7816670746190179,0.4683473209418284,0.6519322780433818
max_pident_within_team_mmseqs,1,12000,11796,6811,0.5609964993118305,0.7009500973924563,0.558249186153165,0.6331357030832132,0.4775871288538263,0.5640247265224556
max_pident_cross_team_mmseqs,1,12000,11796,6811,0.5316983906142992,0.5203233397152256,0.5254490341330433,0.5291209986673556,0.5246951411241862,0.5225309626075882
esmfold_start_A_C_ipSAE_d0chn,1,12000,11796,6811,0.49800530588634234,0.4998664176349339,0.498596521444366,0.49759036144578317,0.4992115934916628,0.4989876093956521
esmfold_start_A_B_ipSAE_d0chn_max,1,12000,11796,6811,0.5064141882592303,0.591190426366458,0.5083200088256891,0.5318180169889489,0.4838409459797827,0.5093010635083355
esmfold_start_A_C_ipSAE_d0chn_max,1,12000,11796,6811,0.4980479009168943,0.5001271911461885,0.498596521444366,0.49759036144578317,0.4992115934916628,0.4989876093956521
esmfold_start_A_B_lis_score,1,12000,11796,6811,0.4720109093145565,0.6470958168883394,0.527029609100666,0.5678524481673873,0.5017827400897475,0.5114536390448631
esmfold_start_A_C_lis_score,1,12000,11796,6811,0.49785050931189706,0.4989234330505833,0.4994367685019217,0.5001813121560735,0.49886609898311574,0.4992628943665758
esmfold_start_A_B_lis_score_max,1,12000,11796,6811,0.5102778692012581,0.6104135781297791,0.5018801471068993,0.5247577216314467,0.49994087433452283,0.48094184535472834
esmfold_start_A_C_lis_score_max,1,12000,11796,6811,0.5146749230380521,0.5198793561715834,0.5105792676054811,0.5112830554724542,0.5105637212632869,0.5098910260807021
esmfold_start_A_B_pdockq,1,12000,11796,6811,0.5278775124834606,0.5024643155718809,0.5682620134555075,0.5899815968161586,0.5405601100644035,0.5742443334859605
esmfold_start_A_C_pdockq,1,12000,11796,6811,0.48892903210792626,0.6275540761176498,0.572029997895172,0.6101629996283101,0.5357433456137244,0.5701836484434814
esmfold_start_A_B_pdockq_max,1,12000,11796,6811,0.5278775124834606,0.5024643155718809,0.5682620134555075,0.5899815968161586,0.5405601100644035,0.5742443334859605
amina_solubility,1,12000,11796,6811,0.5321178997200778,0.51156916646283,0.5037049860551085,0.5336809993926044,0.49690086988997034,0.48053308888275087
boltz_z_axis_displacement_none,1,12000,11796,6811,0.5040729160433247,0.4808114550670069,0.4921888944883856,0.49073222914230286,0.4920179387076152,0.49381651561523876
boltz_binder_below_membrane_none,1,12000,11796,6811,0.46640664997772596,0.5395570649696851,0.5045119423982658,0.49137362089441283,0.5096469358630245,0.5125152704373601
boltz_plddt_binder_none,1,12000,11796,6811,0.5135244416518727,0.70694327881604,0.6020630281566671,0.6948153788970782,0.527972323401379,0.5834013821715442
boltz_plddt_hotspot_none,1,12000,11796,6811,0.6546793861661315,0.45649257271152766,0.5077174910080164,0.6089332499297415,0.43725927752102,0.4769599455732879
chai1_A_B_ipSAE,1,12000,11796,6811,0.48310348639286166,0.5054209022604446,0.5000155608692837,0.509343921963248,0.4932440487558146,0.49745871188878854
chai1_A_C_ipSAE,1,12000,11796,6811,0.4893863572896096,0.504810526131323,0.4987424988665825,0.5035301476787511,0.49628926166029497,0.4964080872607014
chai1_A_B_ipSAE_max,1,12000,11796,6811,0.48134586998583767,0.5105385161504187,0.498439994422164,0.5085801445057885,0.4920839125333679,0.49465592622733545
chai1_A_C_ipSAE_max,1,12000,11796,6811,0.4843732338645868,0.5073609464423221,0.4994765469881883,0.5071260210140789,0.4947267236819413,0.4965768962685447
chai1_A_B_ipSAE_d0chn,1,12000,11796,6811,0.5024491103664253,0.5054130973157323,0.5041091912996152,0.5062443906551715,0.5012447254697935,0.5048384577738807
esmfold_middle_B_C_pdockq_max,1,12000,11796,6811,0.6075489198731374,0.547111029167373,0.5402565882059184,0.5718227311050069,0.513137857903182,0.5358091756095662
esmfold_middle_B_A_pdockq2,1,12000,11796,6811,0.6013408500056516,0.6068072518833847,0.499773813994421,0.478899797836946,0.5060849279901479,0.514336716156169
esmfold_middle_B_C_pdockq2,1,12000,11796,6811,0.5964052287581699,0.4282644586232637,0.47648605588921106,0.454361010633958,0.4904967790497994,0.4846003779838759
esmfold_middle_B_A_pdockq2_max,1,12000,11796,6811,0.6039102653608069,0.6037201606287075,0.4984890968644217,0.4749907077520012,0.5062552639203808,0.514221318920883
esmfold_middle_B_C_pdockq2_max,1,12000,11796,6811,0.5971576024441653,0.4328028867103439,0.4763455565741208,0.44963737568785295,0.4941813786369036,0.48521791539760606
esmfold_end_C_A_ipSAE,1,12000,11796,6811,0.4945690297142933,0.4997661314585365,0.49883718104958313,0.4978469181466271,0.4994309275264021,0.4992336974757202
esmfold_end_C_B_ipSAE,1,12000,11796,6811,0.564936435747578,0.549103749362903,0.5045129560553248,0.5211550490902663,0.49935318643933085,0.49303063263637725
esmfold_end_C_A_ipSAE_max,1,12000,11796,6811,0.5140933450355388,0.5549620819586936,0.5138523860970929,0.525064139175211,0.4969843981547391,0.5195086209613285
esmfold_end_C_B_ipSAE_max,1,12000,11796,6811,0.5515117288013883,0.6791728731930633,0.5303492105443619,0.5784759806721242,0.46777458325568866,0.5447970677052727
esmfold_end_C_A_ipSAE_d0chn,1,12000,11796,6811,0.4945690297142933,0.5000420730698923,0.49885962243865495,0.4978469181466271,0.49949825169361756,0.4992336974757202
esmfold_end_C_B_pdockq_max,1,12000,11796,6811,0.5249224562663315,0.5498799437513834,0.530782962523894,0.5388483958406991,0.5304091110239176,0.5230913807070652
esmfold_end_C_A_pdockq2,1,12000,11796,6811,0.5261782824353884,0.5206709984600696,0.49637439784309123,0.4530446843808644,0.5163957495880495,0.5196827595603597
esmfold_end_C_B_pdockq2,1,12000,11796,6811,0.6014763229808708,0.7740684098986138,0.6055119437032576,0.6371916560145775,0.5592185496792553,0.6201256254159399
esmfold_end_C_A_pdockq2_max,1,12000,11796,6811,0.525906089801129,0.52021703047772,0.4957452671073999,0.4526661952550609,0.5157004201876821,0.5188691858794567
esmfold_end_C_B_pdockq2_max,1,12000,11796,6811,0.5930356501705463,0.7685870561324261,0.6119530636657021,0.6313085298303824,0.5749509922501974,0.6295996689165265
esmfold_start_glycine_linker_A_B_ipSAE,1,12000,11796,6811,0.5321054328818675,0.6217411594642981,0.5059558591896826,0.5121470078961444,0.4844793681327903,0.5212412015401129
esmfold_start_glycine_linker_A_C_ipSAE,1,12000,11796,6811,0.5005759679253186,0.503542973657428,0.5004484895149943,0.4984085325500648,0.5013900800829649,0.5015468559119534
esmfold_start_glycine_linker_A_B_ipSAE_max,1,12000,11796,6811,0.5319601942167168,0.6350353806979594,0.511174953833154,0.5218848305184621,0.4824144066773228,0.5292256243036773
esmfold_start_glycine_linker_A_C_ipSAE_max,1,12000,11796,6811,0.4909756713807938,0.5127877834060102,0.5030132331278728,0.5018747676938,0.5029280225561038,0.5042369091337144
esmfold_start_glycine_linker_A_B_ipSAE_d0chn,1,12000,11796,6811,0.5267675483214649,0.6193463079003565,0.5116627009343734,0.512116184829612,0.5082278234386097,0.5146440945348981
esmfold_middle_B_C_ipSAE_d0chn,1,12000,11796,6811,0.47154402622357855,0.5404685352489711,0.5040457404667342,0.5103239141668253,0.4983677265303902,0.5034455807029871
esmfold_middle_B_A_ipSAE_d0chn_max,1,12000,11796,6811,0.5113016043989654,0.5033335213392343,0.4992902636827381,0.49901411515135036,0.4996482360489472,0.4992084398479167
esmfold_middle_B_C_ipSAE_d0chn_max,1,12000,11796,6811,0.4748327781434717,0.5364317000332962,0.5038281818651372,0.5206374028846764,0.48868298110640807,0.5021641616043274
esmfold_middle_B_A_lis_score,1,12000,11796,6811,0.525012217501446,0.5071321290254553,0.48866713321275007,0.4784596625780776,0.4916951106450504,0.4958466264151223
esmfold_middle_B_C_lis_score,1,12000,11796,6811,0.4952657181896156,0.5351212203634836,0.5027228760500173,0.5378511789822948,0.4892098071828135,0.48110764198494366
esmfold_middle_B_A_lis_score_max,1,12000,11796,6811,0.535837380900139,0.506272141928649,0.48734529466503984,0.4777969666476289,0.4898046325971657,0.4944342847503248
esmfold_middle_B_C_lis_score_max,1,12000,11796,6811,0.5085613933603282,0.5034180503630994,0.49999732592721274,0.5294795434559909,0.4891799067647091,0.48133252756093814
esmfold_middle_B_A_pdockq,1,12000,11796,6811,0.547169321272083,0.5786567749055418,0.49868224505549447,0.4916102332580888,0.501656772521863,0.5027797293865317
esmfold_middle_B_C_pdockq,1,12000,11796,6811,0.6075489198731374,0.547111029167373,0.5402565882059184,0.5718227311050069,0.513137857903182,0.5358091756095662
esmfold_middle_B_A_pdockq_max,1,12000,11796,6811,0.547169321272083,0.5786567749055418,0.49868224505549447,0.4916102332580888,0.501656772521863,0.5027797293865317
boltz_rosetta_A_BC_side2_normalized,1,12000,11796,6811,0.4927854407276644,0.536397770613264,0.49073168732873623,0.48671797800683547,0.4960615362178942,0.489415547761479
boltz_rosetta_A_BC_side2_score,1,12000,11796,6811,0.57461319556646,0.6336624614704487,0.554523618055882,0.5562738538805334,0.541761913966273,0.5655350863208395
boltz_rosetta_A_B_complex_normalized,1,12000,11796,6811,0.4988565831554731,0.5736951273730161,0.49865268575470617,0.5312459771365371,0.4845827657076542,0.48012931441992723
boltz_rosetta_A_B_dG_cross,1,12000,11796,6811,0.4980053058863423,0.4999412714726178,0.498596521444366,0.49759036144578317,0.4992115934916628,0.4989876093956521
boltz_rosetta_A_B_dG_cross/dSASAx100,1,12000,11796,6811,0.4980053058863423,0.4999412714726178,0.498596521444366,0.49759036144578317,0.4992115934916628,0.4989876093956521
boltz_rosetta_A_B_dG_separated,1,12000,11796,6811,0.5349649100060506,0.5944781047002408,0.5125588877266729,0.5692929732473915,0.47471292705031026,0.49367076288231704
boltz_rosetta_A_B_dG_separated/dSASAx100,1,12000,11796,6811,0.47923294868981847,0.53978149394594,0.521720778512227,0.5618492026797937,0.48893192620036674,0.5143812066565203
boltz_rosetta_A_B_dSASA_hphobic,1,12000,11796,6811,0.5280106998716746,0.5995475341013496,0.5315151993069082,0.5358327214048065,0.5211481799133235,0.5375646966025942
boltz_rosetta_A_B_dSASA_int,1,12000,11796,6811,0.522744084069708,0.6078036340706159,0.5310632218440947,0.5342856754331095,0.5220818445818707,0.536822145517304
boltz_rosetta_A_B_dSASA_polar,1,12000,11796,6811,0.5132219130446346,0.6116114751536947,0.5298849092624506,0.5352983038247799,0.5206275268264622,0.5337288971361095
esmfold_end_C_B_ipSAE_d0chn,1,12000,11796,6811,0.5571112091835718,0.5477187398342436,0.5051643439196968,0.5207063015039843,0.4943542223441387,0.500432507910967
esmfold_end_C_A_ipSAE_d0chn_max,1,12000,11796,6811,0.5140947994999967,0.5530020983520227,0.5142263459075734,0.525064139175211,0.5051130679487967,0.5125018305987123
esmfold_end_C_B_ipSAE_d0chn_max,1,12000,11796,6811,0.5456020319284038,0.679552311316566,0.5465993413771254,0.5779148195490766,0.5182920148136316,0.5435911897686678
esmfold_end_C_A_lis_score,1,12000,11796,6811,0.5193543507603109,0.511841647391153,0.49872668146059623,0.49935906152828025,0.4987529596591275,0.4980680231943809
esmfold_end_C_B_lis_score,1,12000,11796,6811,0.6057455917260088,0.682372767988299,0.5371783632290856,0.5592260690618002,0.5016312124870319,0.5506778081384247
esmfold_end_C_A_lis_score_max,1,12000,11796,6811,0.5194193860996417,0.677802310175277,0.5463546145567874,0.5782538732809341,0.5126601263842447,0.5481498440051832
esmfold_end_C_B_lis_score_max,1,12000,11796,6811,0.5875616692930139,0.735380359254242,0.5711733885344451,0.6138762725846953,0.4981084609695374,0.6015354320491028
esmfold_end_C_A_pdockq,1,12000,11796,6811,0.5291838293472696,0.5380648773511844,0.49927561297817585,0.4514763342308285,0.521051630498735,0.5252988742049641
esmfold_end_C_B_pdockq,1,12000,11796,6811,0.5249224562663315,0.5498799437513834,0.530782962523894,0.5388483958406991,0.5304091110239176,0.5230913807070652
esmfold_end_C_A_pdockq_max,1,12000,11796,6811,0.5291838293472696,0.5380648773511844,0.49927561297817585,0.4514763342308285,0.521051630498735,0.5252988742049641
boltz_rosetta_A_BC_delta_unsatHbonds,1,12000,11796,6811,0.4800946149907912,0.5022325528928585,0.5100117358617874,0.5306050386648173,0.5100462511241592,0.48938391779638557
boltz_rosetta_A_BC_hbond_E_fraction,1,12000,11796,6811,0.5160313150353394,0.5616952015936224,0.5087694176509403,0.4744712484248506,0.5212668170561245,0.5305701874718458
boltz_rosetta_A_BC_hbonds_int,1,12000,11796,6811,0.5535990930790764,0.6107909103908408,0.5268817403474065,0.488293127362724,0.5398337228103924,0.5525183708691034
boltz_rosetta_A_BC_nres_all,1,12000,11796,6811,0.5018436375906755,0.5135670703197538,0.4925636492990408,0.5013049942433391,0.49051481575362366,0.48587113790015957
boltz_rosetta_A_BC_nres_int,1,12000,11796,6811,0.5676675044381945,0.6236759463532279,0.5385250141665074,0.5087832141205907,0.5466661612531477,0.5601256671257839
boltz_rosetta_A_BC_packstat,1,12000,11796,6811,0.487037189409504,0.49857446366407987,0.4926342206694687,0.5125350159101416,0.47909922193324916,0.48626842416501526
boltz_rosetta_A_BC_per_residue_energy_int,1,12000,11796,6811,0.5221170021077268,0.7650812075044692,0.6101601696666274,0.6327291105732183,0.5729073468992495,0.6248440515274145
boltz_rosetta_A_BC_sc_value,1,12000,11796,6811,0.4980053058863423,0.4999412714726178,0.498596521444366,0.49759036144578317,0.4992115934916628,0.4989876093956521
boltz_rosetta_A_BC_side1_normalized,1,12000,11796,6811,0.49659696872984527,0.566770889676812,0.4918643403187117,0.4702616334412141,0.5064303260457335,0.49890106146918756
boltz_rosetta_A_BC_side1_score,1,12000,11796,6811,0.5350108295267921,0.7495152319386584,0.6065809553498663,0.6188301739690137,0.5762503100962717,0.6246623819843133
esmfold_start_A_C_pdockq_max,1,12000,11796,6811,0.48892903210792626,0.6275540761176498,0.572029997895172,0.6101629996283101,0.5357433456137244,0.5701836484434814
esmfold_start_A_B_pdockq2,1,12000,11796,6811,0.4983608185559744,0.6594885081024898,0.5142859087952615,0.5276759407834497,0.5104371749776326,0.5047446106247022
esmfold_start_A_C_pdockq2,1,12000,11796,6811,0.4813668558301585,0.6243926169935442,0.5558370441806261,0.5702738720117491,0.5343018561022123,0.5629354044279171
esmfold_start_A_B_pdockq2_max,1,12000,11796,6811,0.5055157447855371,0.6452956284799192,0.5086000009008907,0.5040582193333152,0.5107759177788659,0.5109658655904908
esmfold_start_A_C_pdockq2_max,1,12000,11796,6811,0.48605563368107507,0.624838676947006,0.5556481423937285,0.5697974743216658,0.5343343607502805,0.562812592109239
esmfold_middle_B_A_ipSAE,1,12000,11796,6811,0.5109523251484385,0.49849179015537287,0.49928488503362844,0.49825668361935327,0.49995389548434244,0.49964407599718963
esmfold_middle_B_C_ipSAE,1,12000,11796,6811,0.47538194236663817,0.5412950052624471,0.4972142057928894,0.5104009718331566,0.4918030415091108,0.4894386040364007
esmfold_middle_B_A_ipSAE_max,1,12000,11796,6811,0.5132871561646021,0.5034415535551008,0.49934438019091915,0.4990440316571025,0.49968218749143983,0.49930692142421507
esmfold_middle_B_C_ipSAE_max,1,12000,11796,6811,0.489485468653382,0.5378834197497794,0.5005928859925058,0.5207244327195918,0.49573041320062944,0.4853238120572964
esmfold_middle_B_A_ipSAE_d0chn,1,12000,11796,6811,0.5089796557822858,0.5016360047695576,0.49923987365153594,0.49825668361935327,0.4998188613380649,0.49964407599718963
boltz_rosetta_A_B_delta_unsatHbonds,1,12000,11796,6811,0.5012232046090732,0.48313575287601174,0.4713611777712117,0.467417298992811,0.4760191895096215,0.4706470448112027
boltz_rosetta_A_B_hbond_E_fraction,1,12000,11796,6811,0.5198062736454365,0.569602877049884,0.4800139369299475,0.47429764203541025,0.4886456538102585,0.4770985149441737
boltz_rosetta_A_B_hbonds_int,1,12000,11796,6811,0.5351024607876382,0.6034490345209759,0.5279258369839549,0.5189330686175855,0.5258934727194371,0.538950969614842
boltz_rosetta_A_B_nres_all,1,12000,11796,6811,0.5040968108165613,0.5215976662920785,0.4920423857779528,0.4993645008929624,0.49860471145710716,0.4781579449837888
boltz_rosetta_A_B_nres_int,1,12000,11796,6811,0.5406718129774799,0.6120098954917904,0.5382845171129076,0.5544974480314033,0.5203525394328643,0.5400035638744553
boltz_rosetta_A_B_packstat,1,12000,11796,6811,0.46566549644612,0.5314581389153512,0.4938404652453477,0.5212901266465411,0.4907232506036991,0.4695080184858029
boltz_rosetta_A_B_per_residue_energy_int,1,12000,11796,6811,0.5175661905996716,0.7504139492328107,0.6022116454370541,0.6333922597840572,0.5620667091831322,0.6111759673439726
boltz_rosetta_A_B_sc_value,1,12000,11796,6811,0.4980053058863423,0.4999412714726178,0.498596521444366,0.49759036144578317,0.4992115934916628,0.4989876093956521
boltz_rosetta_A_B_side1_normalized,1,12000,11796,6811,0.4972304918915684,0.5685468385776916,0.49477219336600337,0.5227805125694652,0.4828854829419079,0.4786505845866369
boltz_rosetta_A_B_side1_score,1,12000,11796,6811,0.5201817332562051,0.7165301513113707,0.5873031973395915,0.6094998504174713,0.5550132005523283,0.5973965410489748
boltz_rosetta_delta_unsatHbonds,1,12000,11796,6811,0.4800946149907912,0.5022325528928585,0.5100117358617874,0.5306050386648173,0.5100462511241592,0.48938391779638557
boltz_rosetta_hbond_E_fraction,1,12000,11796,6811,0.5160313150353394,0.5616952015936224,0.5087694176509403,0.4744712484248506,0.5212668170561245,0.5305701874718458
boltz_rosetta_hbonds_int,1,12000,11796,6811,0.5535990930790764,0.6107909103908408,0.5268817403474065,0.488293127362724,0.5398337228103924,0.5525183708691034
boltz_rosetta_nres_all,1,12000,11796,6811,0.5018436375906755,0.5135670703197538,0.4925636492990408,0.5013049942433391,0.49051481575362366,0.48587113790015957
boltz_rosetta_nres_int,1,12000,11796,6811,0.5676675044381945,0.6236759463532279,0.5385250141665074,0.5087832141205907,0.5466661612531477,0.5601256671257839
boltz_rosetta_packstat,1,12000,11796,6811,0.487037189409504,0.49857446366407987,0.4926342206694687,0.5125350159101416,0.47909922193324916,0.48626842416501526
boltz_rosetta_per_residue_energy_int,1,12000,11796,6811,0.5221170021077268,0.7650812075044692,0.6101601696666274,0.6327291105732183,0.5729073468992495,0.6248440515274145
boltz_rosetta_sc_value,1,12000,11796,6811,0.4980053058863423,0.4999412714726178,0.498596521444366,0.49759036144578317,0.4992115934916628,0.4989876093956521
boltz_rosetta_side1_normalized,1,12000,11796,6811,0.4965971765104821,0.566770889676812,0.4918643403187117,0.4702616334412141,0.5064303260457335,0.49890106146918756
boltz_rosetta_side1_score,1,12000,11796,6811,0.535010829526792,0.7495152024860369,0.6065806531629394,0.6188292674082334,0.5762503100962716,0.6246623819843133
chai1_A_C_pdockq_max,1,12000,11796,6811,0.5403715699572471,0.5866468735232271,0.5533453622690421,0.5728702620867215,0.5299655238533961,0.5572003008670087
chai1_A_B_pdockq2,1,12000,11796,6811,0.4497854457143997,0.5479509737552107,0.4997667451987309,0.5491745764094754,0.4824702529421047,0.4676554062446125
chai1_A_C_pdockq2,1,12000,11796,6811,0.4324933177747192,0.5327642448708628,0.5246747774885777,0.5825215081545142,0.4919776213696552,0.49952520294156355
chai1_A_B_pdockq2_max,1,12000,11796,6811,0.4449171453932539,0.5330383898723037,0.507716074119566,0.566265513521354,0.4876827638943384,0.4691999449430059
chai1_A_C_pdockq2_max,1,12000,11796,6811,0.4323894274562996,0.5172741687108013,0.5298952086977163,0.5959082379178113,0.498764726920446,0.49501266125489163
esmfold_start_A_B_ipSAE,1,12000,11796,6811,0.49641349842751614,0.6093511042597768,0.5078214956037249,0.5287746924492552,0.4772554271187919,0.5174343672431276
esmfold_start_A_C_ipSAE,1,12000,11796,6811,0.49800530588634234,0.4998664176349339,0.498596521444366,0.49759036144578317,0.4992115934916628,0.4989876093956521
esmfold_start_A_B_ipSAE_max,1,12000,11796,6811,0.506885642524219,0.5941780561181416,0.49859906859640285,0.531886915608257,0.4858186175049779,0.47809167267597386
esmfold_start_A_C_ipSAE_max,1,12000,11796,6811,0.4980479009168943,0.5001271911461884,0.498596521444366,0.49759036144578317,0.4992115934916628,0.4989876093956521
esmfold_start_A_B_ipSAE_d0chn,1,12000,11796,6811,0.4963164648701123,0.6049998034037511,0.5161689990855735,0.5285707162736726,0.504218273823785,0.515718007159263
esmfold_middle_glycine_linker_B_C_pdockq_max,1,12000,11796,6811,0.5156510764699234,0.4862921608755204,0.5280906075944204,0.5403804835595203,0.5256155917369906,0.5182757474867502
esmfold_middle_glycine_linker_B_A_pdockq2,1,12000,11796,6811,0.48271057320859845,0.4972394499605114,0.5014128982732534,0.5067248678687662,0.49757256831473917,0.4999412586362549
esmfold_middle_glycine_linker_B_C_pdockq2,1,12000,11796,6811,0.48730813535994255,0.6180676517881349,0.5322724965798108,0.5790498336460967,0.5168535153439301,0.5009141407494053
esmfold_middle_glycine_linker_B_A_pdockq2_max,1,12000,11796,6811,0.48276023278080304,0.49840717277364327,0.5032738979096818,0.5082093611466181,0.4989352557566021,0.5026770768258252
esmfold_middle_glycine_linker_B_C_pdockq2_max,1,12000,11796,6811,0.48826018623794043,0.6166121032308496,0.532626326899972,0.5759598212262141,0.5184917688971606,0.5034273905765413
esmfold_end_glycine_linker_C_A_ipSAE,1,12000,11796,6811,0.49809028816680967,0.49974899003279105,0.49864080894287593,0.49759036144578317,0.49927911056480145,0.49905295481804307
esmfold_end_glycine_linker_C_B_ipSAE,1,12000,11796,6811,0.4915944421173014,0.4908437984633684,0.501399872065048,0.5043873008965887,0.5003149189197114,0.499497396378844
esmfold_end_glycine_linker_C_A_ipSAE_max,1,12000,11796,6811,0.4984054913928949,0.49959548296924244,0.49873524172403494,0.49774130381571435,0.49931286910137085,0.4991515522550195
esmfold_end_glycine_linker_C_B_ipSAE_max,1,12000,11796,6811,0.5220108262023019,0.5318566181586899,0.49836424302795,0.5154310243230258,0.4929163980451685,0.4867453067156557
esmfold_end_glycine_linker_C_A_ipSAE_d0chn,1,12000,11796,6811,0.49809028816680967,0.49974899003279105,0.49864080894287593,0.49759036144578317,0.49927911056480145,0.49905295481804307
boltz_max_helix_length,1,9940,9740,4815,0.6007297227926078,0.6839018507097638,0.5499471698010449,0.6051967464523519,0.4881718220971446,0.556472940853638
boltz_mean_helix_length,1,9940,9740,4815,0.6141260266940451,0.7321844068082504,0.5469849410008071,0.602880987970674,0.5291116301740738,0.5089622048576736
boltz_total_helix_length,1,9940,9740,4815,0.5907171457905545,0.7694009730590213,0.5987590567985389,0.6990492691165336,0.5137613350642583,0.5834665662148251
boltz_helical_wheel_count,1,9940,9740,4815,0.6249686858316222,0.5263555829656689,0.6382410312903264,0.6537184788305865,0.600800633171019,0.6602039818693737
boltz_max_hydrophobic_moment_long,1,9940,9740,4815,0.5238064681724846,0.691970544670578,0.5529060608420666,0.6153293019884949,0.4949390786617092,0.5484498018759957
boltz_mean_hydrophobic_moment_long,1,9940,9740,4815,0.5382520533880903,0.6874123693407341,0.5530686585164982,0.6112672205721533,0.49881607912431564,0.5491226758530259
boltz_min_hydrophobic_moment_long,1,9940,9740,4815,0.5490097535934292,0.6701901734743899,0.5511988116097687,0.6049419563993556,0.5000198210657598,0.5486346573641907
boltz_max_charge_moment_long,1,9940,9740,4815,0.4952777207392197,0.6754081313155273,0.5733128193366226,0.6280194643423342,0.5252206687868887,0.5666983248806449
boltz_mean_charge_moment_long,1,9940,9740,4815,0.4685354209445585,0.662504335541956,0.5765417388510455,0.6277460705711827,0.5304661845723855,0.5714129614095683
boltz_min_charge_moment_long,1,9940,9740,4815,0.5005349075975358,0.6350798424972721,0.575742724971907,0.6251900814681084,0.5286297197404716,0.5734083737071412
boltz_max_net_charge_total_long,1,9940,9740,4815,0.5108878336755647,0.5082345040614409,0.5226959238853205,0.533464044674807,0.5036331151752147,0.5309906118059396
boltz_mean_net_charge_total_long,1,9940,9740,4815,0.5411542607802874,0.5734659561121916,0.5006010712602392,0.4756631012236393,0.5130646676920765,0.5130754448650021
boltz_min_net_charge_total_long,1,9940,9740,4815,0.5617636036960985,0.6212153011686197,0.5252662722391571,0.5376806178375686,0.5218016211218792,0.5163165777580234
boltz_helical_wheel_count_long,1,9940,9740,4815,0.5236021560574949,0.671799716410751,0.5349769632509285,0.6094788370573124,0.4627710401474825,0.5326810125479906
boltz_A_BC_max_ipSAE,1,12000,11796,6811,0.5550009890358314,0.5170963632344692,0.5083819118413825,0.4891203640748094,0.5172126097200664,0.5188127617292716
boltz_A_BC_max_ipSAE_d0chn,1,12000,11796,6811,0.5497320876468592,0.525264841654607,0.4983289495800805,0.46122458230212043,0.5169056963961701,0.5168565700419508
boltz_A_BC_max_ipSAE_d0chn_max,1,12000,11796,6811,0.5468476768462556,0.5263054175004827,0.5060487301912838,0.4846945343450551,0.5172943053785644,0.516157350850232
boltz_A_BC_max_ipSAE_d0dom,1,12000,11796,6811,0.5537671876142793,0.523353734673408,0.5060063738762122,0.486381190676929,0.5147408096724574,0.5168971212792501
boltz_A_BC_max_ipSAE_d0dom_max,1,12000,11796,6811,0.5512468084894182,0.5242191999578238,0.5042903973445138,0.48275404099467856,0.5149434573448352,0.5151736936940277
boltz_A_BC_max_ipSAE_max,1,12000,11796,6811,0.551216056955166,0.5147872040729441,0.5089951466507369,0.48899253900477757,0.5190990367435628,0.5188938642038703
esmfold_start_glycine_linker_A_C_ipSAE_d0chn,1,12000,11796,6811,0.5005759679253186,0.503531575492886,0.500448347972568,0.4984085325500648,0.5013898871770417,0.5015466241905973
esmfold_start_glycine_linker_A_B_ipSAE_d0chn_max,1,12000,11796,6811,0.5168418672996496,0.6341762771797996,0.5192817006442251,0.5218141187775934,0.5133653904396596,0.522665592715422
esmfold_start_glycine_linker_A_C_ipSAE_d0chn_max,1,12000,11796,6811,0.490928712956868,0.512785471375218,0.5030124481752888,0.5018747676938,0.5029270580264876,0.5042355188055784
esmfold_start_glycine_linker_A_B_lis_score,1,12000,11796,6811,0.547612932931735,0.6952756669656598,0.5292372607759712,0.5360104073177586,0.5178273044445139,0.5338740705656412
esmfold_start_glycine_linker_A_C_lis_score,1,12000,11796,6811,0.4978804297236019,0.5356287184855109,0.5065818027535792,0.5061863707652279,0.5039334482281013,0.5096255892674083
esmfold_start_glycine_linker_A_B_lis_score_max,1,12000,11796,6811,0.5423319802658262,0.6897212412453924,0.5337439052812715,0.5387010797138894,0.5229842584908506,0.5395463776390745
esmfold_start_glycine_linker_A_C_lis_score_max,1,12000,11796,6811,0.505932552743037,0.5794000118105012,0.5168878427042385,0.5239055544979012,0.5048963381440212,0.5218616354707929
esmfold_start_glycine_linker_A_B_pdockq,1,12000,11796,6811,0.46470928995538535,0.5336599727239272,0.48971025737327595,0.46997425367383755,0.4978402252832534,0.501316293162737
esmfold_start_glycine_linker_A_C_pdockq,1,12000,11796,6811,0.5344182391505262,0.5731894994924577,0.5194042387084926,0.5401270998214076,0.5040110928622108,0.5140745234418593
esmfold_start_glycine_linker_A_B_pdockq_max,1,12000,11796,6811,0.46470928995538535,0.5336599727239272,0.48971025737327595,0.46997425367383755,0.4978402252832534,0.501316293162737
esmfold_ptm_end,1,12000,11796,6811,0.4859415621114502,0.5674516428451409,0.5500535568024265,0.6150044874758628,0.5290454590524384,0.5061107238789784
esmfold_plddt_binder_end,1,12000,11796,6811,0.5867367801647618,0.7973460389979217,0.631446343790553,0.6658480422819948,0.5843612325453897,0.6441297565442745
esmfold_plddt_hotspot_end,1,12000,11796,6811,0.48197253638654514,0.532753553569238,0.5483637839818641,0.5298448874504791,0.5564816968930958,0.5587647676020177
esmfold_ipae_end,1,12000,11796,6811,0.5377406515335874,0.6415922852981202,0.5576511619225298,0.6866436400228454,0.5157417020552584,0.47056814368948596
esmfold_n_hs_engaged_end,1,12000,11796,6811,0.5379442765576898,0.5542180792855737,0.5450811593137842,0.5302007125567734,0.552325345870675,0.5527174195139042
esmfold_z_axis_displacement_end,1,12000,11796,6811,0.6542999787232628,0.7242357081522058,0.5140156765701517,0.4333668760822069,0.541295467443846,0.567384686184402
esmfold_binder_below_membrane_end,1,12000,11796,6811,0.5400941828070667,0.5666818396755381,0.551463708724723,0.5355634728530374,0.5585111636586845,0.5603164896624468
esmfold_ptm_start_glycine_linker,1,12000,11796,6811,0.46705928895803833,0.5971124944352952,0.5374961909528425,0.5259086005421233,0.53561679932807,0.5509631729883342
esmfold_plddt_binder_start_glycine_linker,1,12000,11796,6811,0.5436935667790345,0.7952376436312314,0.6301552694127589,0.6844125939423609,0.5749753948494889,0.631077819446427
esmfold_plddt_hotspot_start_glycine_linker,1,12000,11796,6811,0.5316260829526792,0.6467793484697228,0.5750564515820018,0.6541180523448195,0.5143573126970293,0.5566939897041567
chai1_n_hs_engaged_none,1,12000,11796,6811,0.5359115585874906,0.5051188067211472,0.4913765802535524,0.4801667165275096,0.4899789230988253,0.5039841011343223
chai1_iptm_B,1,12000,11796,6811,0.6155854593448096,0.5972732468437467,0.5585530208124263,0.6045663466507112,0.514211379366088,0.5568813364204798
chai1_iptm_C,1,12000,11796,6811,0.604040751600742,0.6033856672056988,0.5594735356789643,0.6059343468682857,0.5107658866708567,0.5617203734977505
chai1_z_axis_displacement_none,1,12000,11796,6811,0.5369583574358873,0.5037676235283445,0.5100676721233021,0.5743497692802814,0.4714636196790276,0.48438962741059727
chai1_binder_below_membrane_none,1,12000,11796,6811,0.45640575236537473,0.5236690838924054,0.5267761543522754,0.5819399494139086,0.48772944712776584,0.5106590665151518
chai1_rmsd_alone,1,12000,11796,6811,0.5079168578248525,0.6695860596029757,0.5876098892597028,0.6765101036198972,0.515686723867131,0.5706328402920802
esmfold_ptm_start,1,12000,11796,6811,0.5229206976110213,0.5444821323462385,0.5417810598071195,0.507249313280209,0.5519114662123346,0.5661823999288151
esmfold_plddt_binder_start,1,12000,11796,6811,0.5590695416857825,0.8033157172295038,0.6264028058256489,0.6666050205336016,0.5776477206043202,0.6349556763390249
esmfold_plddt_hotspot_start,1,12000,11796,6811,0.5323709765357483,0.6164812746858988,0.5552173713850194,0.6612517791255316,0.43641270987682185,0.5679876251527044
esmfold_ipae_start,1,12000,11796,6811,0.47124980884181417,0.4576082969213028,0.5320971995545579,0.5219523692965995,0.5299154647663118,0.5444237646007626
boltz_singleaascorewithseq_solublempnn,1,12000,11796,6811,0.5764769878789089,0.5867851094024991,0.6369556052227057,0.7310460804844662,0.5487174263880642,0.6311033087955865
boltz_max_hydrophobic_moment,1,9940,9740,4815,0.6868347022587269,0.5478515847789532,0.6340581629172296,0.6556192935116703,0.5942486506163145,0.652306544623704
boltz_mean_hydrophobic_moment,1,9940,9740,4815,0.6784674024640657,0.5716451233718656,0.5702633961603326,0.6087686603381671,0.5330901489647888,0.5689313791780422
boltz_min_hydrophobic_moment,1,9940,9740,4815,0.5999060574948665,0.5549083606116672,0.5211974476999074,0.48038844563508243,0.5381636523709097,0.54504024509373
boltz_max_charge_moment,1,9940,9740,4815,0.6237153490759754,0.5569776344018007,0.6005909433450104,0.6219853888015322,0.5654136535774092,0.61437378765609
boltz_mean_charge_moment,1,9940,9740,4815,0.6092759240246407,0.5307660177849466,0.6089191742187245,0.6247953591002918,0.5740380578251154,0.6279241057307666
boltz_min_charge_moment,1,9940,9740,4815,0.5176316735112936,0.4882591942480931,0.5535389101277701,0.5962515934489029,0.4941714001669795,0.570193736767428
boltz_max_net_charge_total,1,9940,9740,4815,0.5709101642710472,0.5255505901081118,0.5559035156741062,0.5072255223600515,0.5723315502417481,0.5881534744205191
boltz_mean_net_charge_total,1,9940,9740,4815,0.5052066221765914,0.5416753482929297,0.5693767092910451,0.6478073496010716,0.55309718802849,0.5072255902435738
boltz_min_net_charge_total,1,9940,9740,4815,0.45311627310061603,0.5824602263442816,0.5785422595191045,0.70145966390361,0.5049490615845684,0.5292180530691352
esmfold_end_glycine_linker_C_B_pdockq_max,1,12000,11796,6811,0.54774736700377,0.6150258733917212,0.4921920761603715,0.45447297089033334,0.5114738514091971,0.5106294061815843
esmfold_end_glycine_linker_C_A_pdockq2,1,12000,11796,6811,0.5109978291079064,0.502891790921141,0.5002858553533319,0.5162868176996926,0.4829098855411995,0.5016608628191035
esmfold_end_glycine_linker_C_B_pdockq2,1,12000,11796,6811,0.6096288040478992,0.754055824793423,0.5574547432986671,0.5473678007742029,0.547876549468602,0.5771198796531964
esmfold_end_glycine_linker_C_A_pdockq2_max,1,12000,11796,6811,0.511370587570396,0.5030221924030791,0.5003726631004185,0.5157329090628882,0.4834773183144498,0.5019077619239175
esmfold_end_glycine_linker_C_B_pdockq2_max,1,12000,11796,6811,0.5993170666028365,0.7492807301658315,0.5606908857106222,0.5633676919869093,0.5449353128567553,0.5737696522882021
boltz_A_B_lis_score,1,12000,11796,6811,0.5371135695716062,0.5331960350291809,0.5129774074041181,0.5054479770096186,0.5195524621161703,0.5139317830865655
boltz_A_C_lis_score,1,12000,11796,6811,0.5332860424603887,0.535536958843054,0.5104209190990591,0.5042930185754304,0.5153623525571802,0.5116073861645667
boltz_A_B_lis_score_max,1,12000,11796,6811,0.5365122524085932,0.5274018060642064,0.5106216042309014,0.496662496487077,0.5191593198445795,0.5160429963610479
boltz_A_C_lis_score_max,1,12000,11796,6811,0.5344408872399418,0.5305798617405586,0.5070275804428626,0.49074038818932614,0.5152413040903386,0.5151010490489228
boltz_A_B_pdockq,1,12000,11796,6811,0.5342416256092128,0.609184284611285,0.5291101843695086,0.5887037993962305,0.47779546725094013,0.5208312864613553
esmfold_ipae_start_glycine_linker,1,12000,11796,6811,0.5119224529418414,0.6057350291956474,0.5350054869697362,0.6085833174685197,0.5159612289959208,0.48047191444476783
esmfold_n_hs_engaged_start_glycine_linker,1,12000,11796,6811,0.53931230427064,0.5649442528142348,0.5164571128607465,0.5030736943258362,0.5204304734258587,0.5258671708305448
esmfold_z_axis_displacement_start_glycine_linker,1,12000,11796,6811,0.49983086656161274,0.7338052919586834,0.5752307193455981,0.5771936504482943,0.5555948119109377,0.5929036956775625
esmfold_binder_below_membrane_start_glycine_linker,1,12000,11796,6811,0.5508538953051549,0.5781785232367194,0.4879241067496866,0.4867270436146392,0.48803558882796916,0.4890096878064515
esmfold_ptm_middle_glycine_linker,1,12000,11796,6811,0.5939550794885604,0.6361870665586541,0.47518618369972465,0.4626923042055355,0.4921192143173233,0.47074703257631517
esmfold_plddt_binder_middle_glycine_linker,1,12000,11796,6811,0.540181450674539,0.7866842341736706,0.6339614668882533,0.6791699529494954,0.5822604870411588,0.6404539606741053
esmfold_plddt_hotspot_middle_glycine_linker,1,12000,11796,6811,0.5504940192421492,0.558230630814776,0.5619796912739391,0.5841134288848396,0.535625865906463,0.5661997790305149
esmfold_ipae_middle_glycine_linker,1,12000,11796,6811,0.5007172587583694,0.6473073014374204,0.5586569064678644,0.6477023217021586,0.5303461272399753,0.4979222704614592
esmfold_n_hs_engaged_middle_glycine_linker,1,12000,11796,6811,0.5022336418460229,0.5190567149989095,0.5087986816970447,0.5030655352788127,0.5109415275139789,0.5123889822983422
esmfold_z_axis_displacement_middle_glycine_linker,1,12000,11796,6811,0.4925946981030459,0.6838411726148936,0.5272470762850684,0.4523149029526684,0.5458896184590906,0.5835367074434461
esmfold_middle_glycine_linker_B_C_ipSAE_d0chn,1,12000,11796,6811,0.5426987130898476,0.5924627943439775,0.5070936709825404,0.5093928762453879,0.5028806641519451,0.5090074725502881
esmfold_middle_glycine_linker_B_A_ipSAE_d0chn_max,1,12000,11796,6811,0.4944936053431206,0.4994659061607079,0.4990235745184675,0.49807355834171907,0.4995828409409643,0.49941432427271937
esmfold_middle_glycine_linker_B_C_ipSAE_d0chn_max,1,12000,11796,6811,0.5424439740290827,0.5922211208578018,0.50599768018065,0.505848676874541,0.5036047365348774,0.5085396271325316
esmfold_middle_glycine_linker_B_A_lis_score,1,12000,11796,6811,0.48487585522510124,0.5010667445001279,0.500395263292405,0.4991319680527981,0.5012612189262315,0.5007926028981854
esmfold_middle_glycine_linker_B_C_lis_score,1,12000,11796,6811,0.5440041988311093,0.6218921925076358,0.5121528974467461,0.5181162573544742,0.5054289513981243,0.5129134835876398
esmfold_middle_glycine_linker_B_A_lis_score_max,1,12000,11796,6811,0.4845887023849893,0.5010391768463517,0.5007335773550249,0.499511363739382,0.5014210414836471,0.5012683268420457
esmfold_middle_glycine_linker_B_C_lis_score_max,1,12000,11796,6811,0.5450536988277848,0.620750005117393,0.511438380721978,0.5150711196932198,0.5075296969023553,0.511714325570359
esmfold_middle_glycine_linker_B_A_pdockq,1,12000,11796,6811,0.5110799024594579,0.5352972292299009,0.513549189338185,0.5156377201809496,0.5043816651407809,0.5206281826928246
esmfold_middle_glycine_linker_B_C_pdockq,1,12000,11796,6811,0.5156510764699234,0.4862921608755204,0.5280906075944204,0.5403804835595203,0.5256155917369906,0.5182757474867502
esmfold_middle_glycine_linker_B_A_pdockq_max,1,12000,11796,6811,0.5110799024594579,0.5352972292299009,0.513549189338185,0.5156377201809496,0.5043816651407809,0.5206281826928246
esmfold_end_glycine_linker_C_B_ipSAE_d0chn,1,12000,11796,6811,0.5095865830224934,0.5065999937854968,0.5007960437167301,0.5032205571722557,0.5001391816236274,0.4990283923543075
esmfold_end_glycine_linker_C_A_ipSAE_d0chn_max,1,12000,11796,6811,0.4981669592218033,0.5001569677465814,0.49870532521828276,0.497651554298458,0.49931286910137085,0.4991515522550195
esmfold_end_glycine_linker_C_B_ipSAE_d0chn_max,1,12000,11796,6811,0.5207631034780816,0.5300241054981123,0.5020887421425813,0.5150720262540002,0.4895066893987007,0.501687510775043
esmfold_end_glycine_linker_C_A_lis_score,1,12000,11796,6811,0.510451158252382,0.5123249354582614,0.5004688044311092,0.49930194819911705,0.49754720118583123,0.5045572639083793
esmfold_end_glycine_linker_C_B_lis_score,1,12000,11796,6811,0.5536321302003337,0.5733056900844952,0.5054738657017838,0.5217910014776941,0.4946908431802162,0.49993975244744093
esmfold_end_glycine_linker_C_A_lis_score_max,1,12000,11796,6811,0.5047517353838789,0.5259346089950957,0.5025480345830609,0.5073966294070186,0.4938976140237976,0.5063498603183666
esmfold_end_glycine_linker_C_B_lis_score_max,1,12000,11796,6811,0.5646405561207188,0.6098380002730259,0.5087144781337156,0.5284206804645217,0.48647488345588646,0.5112478704807385
esmfold_end_glycine_linker_C_A_pdockq,1,12000,11796,6811,0.5139595343054143,0.5209305791401514,0.5071916537018939,0.521396194257844,0.4953118073471693,0.5048669595006683
esmfold_end_glycine_linker_C_B_pdockq,1,12000,11796,6811,0.54774736700377,0.6150258733917212,0.4921920761603715,0.45447297089033334,0.5114738514091971,0.5106294061815843
esmfold_end_glycine_linker_C_A_pdockq_max,1,12000,11796,6811,0.5139595343054143,0.5209305791401514,0.5071916537018939,0.521396194257844,0.4953118073471693,0.5048669595006683
esmfold_start_glycine_linker_A_C_pdockq_max,1,12000,11796,6811,0.5344182391505262,0.5731894994924577,0.5194042387084926,0.5401270998214076,0.5040110928622108,0.5140745234418593
esmfold_start_glycine_linker_A_B_pdockq2,1,12000,11796,6811,0.531111618095865,0.7100176465382052,0.5414689876882443,0.5845023434596172,0.5068307987424077,0.5330738208627078
esmfold_start_glycine_linker_A_C_pdockq2,1,12000,11796,6811,0.5536470904061862,0.5142629474092515,0.5071493547116533,0.5171942850408406,0.5071056896830439,0.4971480894110756
esmfold_start_glycine_linker_A_B_pdockq2_max,1,12000,11796,6811,0.5308730859247734,0.7053927455542373,0.5389504881868266,0.5856718068662913,0.5026099206886587,0.5285697370055298
esmfold_start_glycine_linker_A_C_pdockq2_max,1,12000,11796,6811,0.5507728608567877,0.5144359226556487,0.5076652670331429,0.515947310687445,0.5057535156139984,0.5012949747979853
esmfold_middle_glycine_linker_B_A_ipSAE,1,12000,11796,6811,0.4944668016409683,0.4991566683606833,0.498797292375247,0.4977272521236186,0.4994309275264021,0.4992336974757202
esmfold_middle_glycine_linker_B_C_ipSAE,1,12000,11796,6811,0.5482961156656626,0.5932697225430512,0.5029141721382383,0.5094309517981634,0.49006843144721496,0.5092431331693364
esmfold_middle_glycine_linker_B_A_ipSAE_max,1,12000,11796,6811,0.49442545329423737,0.499545192617936,0.4990479949202613,0.4980137253302147,0.499650358014103,0.49947990141646625
esmfold_middle_glycine_linker_B_C_ipSAE_max,1,12000,11796,6811,0.5478876189336366,0.5929956806257858,0.5016702507132296,0.5058640884078074,0.49034727695927793,0.5087993867726035
esmfold_middle_glycine_linker_B_A_ipSAE_d0chn,1,12000,11796,6811,0.49448383965318915,0.49921047830026566,0.49885962243865495,0.4978469181466271,0.49949825169361756,0.4992336974757202
num_pipi_within_chain,1,12000,11796,6811,0.5595727863882074,0.5918405635346797,0.5490490860986635,0.5382863281568713,0.5552304126219116,0.5536305175172076
num_pipi_between_chain,1,12000,11796,6811,0.4471192045824772,0.5225218011986333,0.4967803248226792,0.48853744549303313,0.49997791227178745,0.5018256167032169
boltz_sap_score,1,12000,11796,6811,0.6971599295872978,0.7905333825584815,0.5440778818484932,0.5582805261678769,0.526141356830818,0.5478117625467845
boltz_autoregwithoutseq_proteinmpnn,1,12000,11796,6811,0.6676993364317582,0.6157006476778744,0.5248525330401743,0.5748103021567081,0.5150096240765111,0.48473767288730374
boltz_autoregwithoutseq_solublempnn,1,12000,11796,6811,0.6398908071197282,0.5590337743519797,0.5645691723082537,0.65592029517619,0.4848530269061324,0.5529341948424388
boltz_autoregwithseq_proteinmpnn,1,12000,11796,6811,0.53587872924687,0.664660079195154,0.6353265216266606,0.7286899290162909,0.5476556721864767,0.629633963677214
boltz_autoregwithseq_solublempnn,1,12000,11796,6811,0.5314891555130021,0.6836530881736386,0.641074764986053,0.7303688795815315,0.554664908907894,0.6381905064687334
boltz_singleaascorewithoutseq_proteinmpnn,1,12000,11796,6811,0.47339452057526976,0.7225122290966277,0.6407097096568383,0.730002629026263,0.5549293829286746,0.6371971170155772
boltz_singleaascorewithoutseq_solublempnn,1,12000,11796,6811,0.48361982127540737,0.7393996112548481,0.6443783073395154,0.7285204021503622,0.5605626216995243,0.6440518981686598
boltz_singleaascorewithseq_proteinmpnn,1,12000,11796,6811,0.5970146493660198,0.5695425875335594,0.6267971126335635,0.7186570208599635,0.5415295587817142,0.6202047582590127
boltz_A_C_pdockq,1,12000,11796,6811,0.4250375251830132,0.5737112821359395,0.5272661600892752,0.510771755192327,0.5298097523203689,0.5412169727551298
boltz_A_B_pdockq_max,1,12000,11796,6811,0.5342416256092128,0.609184284611285,0.5291101843695086,0.5887037993962305,0.47779546725094013,0.5208312864613553
boltz_A_C_pdockq_max,1,12000,11796,6811,0.4250375251830132,0.5737112821359395,0.5272661600892752,0.510771755192327,0.5298097523203689,0.5412169727551298
boltz_A_B_pdockq2,1,12000,11796,6811,0.5794147983031801,0.5497706597991008,0.5024585310279416,0.5318352416437759,0.4989805886485667,0.47655976279148227
boltz_A_C_pdockq2,1,12000,11796,6811,0.5625093501286578,0.5823297966134492,0.5101054275937584,0.5110450832676077,0.5044879563044935,0.514783243209174
boltz_A_B_pdockq2_max,1,12000,11796,6811,0.5808237588015879,0.5491920777749486,0.5012677218996734,0.5298575793014042,0.4971112337992783,0.47683435259833795
boltz_A_C_pdockq2_max,1,12000,11796,6811,0.5633955345447775,0.5821646263117646,0.5110026461404013,0.5128899344556556,0.505558487725589,0.5145595162399595
esm2_full_LL_alone,1,12000,11796,6811,0.7438226816667663,0.8257473197746227,0.6015239830965262,0.7383411750840835,0.4629965928955835,0.6032341813099116
esm2_full_LL_car,1,12000,11796,6811,0.7528237388546466,0.7993148878436809,0.5527780005727984,0.7125132584514129,0.37497506690941945,0.5708456763575628
esm2_binder_LL_car,1,12000,11796,6811,0.7570711906329164,0.8200239832697329,0.5741842990126921,0.7121678587940927,0.42578658354736243,0.5845984546966212
esm2_full_LL_car_target,1,12000,11796,6811,0.760184575695317,0.822635856475608,0.5753181272518468,0.7180872474095025,0.41200933896155656,0.5958577953844815
esm2_binder_LL_car_target,1,12000,11796,6811,0.7630461306258685,0.8338438307139889,0.5827671625259079,0.7098089876435765,0.44154005286393916,0.5969524470702079
esm2_full_LL_target,1,12000,11796,6811,0.7607065206550576,0.8364115397138412,0.5669740772263689,0.705717678841778,0.4090649194019762,0.5861396334353525
esm2_binder_LL_target,1,12000,11796,6811,0.7603217109156312,0.8363171735143766,0.5650503112866007,0.7072443271959169,0.40478838798936856,0.5831182186745167
rnn_solubility,1,12000,11796,6811,0.6150651766301637,0.5754001690875004,0.5275351297347668,0.5552027523185292,0.5197854924714606,0.5076171444143105
msa_depth,1,12000,11796,6811,0.5530567856169256,0.6044952210912579,0.5377280832059043,0.5273445928182255,0.543521312439307,0.5423183443601802
chai1_ptm_none,1,12000,11796,6811,0.6930334061396685,0.5826560874813547,0.4936846248834896,0.5160597242242106,0.4858348216025312,0.4791593288237268
chai1_plddt_binder_none,1,12000,11796,6811,0.4679305131683056,0.7019487768841689,0.6053007728364187,0.6736680355734451,0.54674515622872,0.5954891267070913
chai1_plddt_hotspot_none,1,12000,11796,6811,0.5993552982400149,0.5424723296302061,0.5104029730869116,0.5304101280970382,0.49252981457496847,0.508268976588728
chai1_ipae_none,1,12000,11796,6811,0.6062220327262815,0.5990604024671283,0.5937136457016782,0.667688360666141,0.5319967267722943,0.5814558496665994
esmfold_n_hs_engaged_start,1,12000,11796,6811,0.5295364330879859,0.5416965475784276,0.5554951214858702,0.6108982204211881,0.5147218084390168,0.5408653355974055
esmfold_z_axis_displacement_start,1,12000,11796,6811,0.5245625802033258,0.7386446227538879,0.6150577060323448,0.6619969720869936,0.5655017849585078,0.6176743610515328
esmfold_binder_below_membrane_start,1,12000,11796,6811,0.5373886711347815,0.577405848436515,0.5665631004536588,0.5993323179852593,0.5330802793432093,0.5672767040325077
esmfold_ptm_middle,1,12000,11796,6811,0.6187291803801888,0.6903017524162562,0.5851517753350532,0.6642044475871884,0.4991861299097934,0.5920647485081779
esmfold_plddt_binder_middle,1,12000,11796,6811,0.580209143677817,0.8070797180853971,0.6329566223798401,0.6687644483124371,0.5873495382025103,0.6427558806245725
esmfold_plddt_hotspot_middle,1,12000,11796,6811,0.6064175543055472,0.5778925088287915,0.5739287092683831,0.5686193985875784,0.5601346599087864,0.5930320693087844
esmfold_ipae_middle,1,12000,11796,6811,0.4812438496931496,0.613589469038447,0.48612626846115353,0.5072824027486923,0.48091986803691605,0.47017653459785225
esmfold_n_hs_engaged_middle,1,12000,11796,6811,0.50070998643608,0.5182773250009903,0.5084931023057518,0.4840472499478728,0.5165173767726607,0.5249146801967222
esmfold_z_axis_displacement_middle,1,12000,11796,6811,0.5691847186483953,0.7150730417651427,0.5872412720495319,0.6526775272648155,0.5306130125847967,0.5784332762989836
esmfold_binder_below_membrane_middle,1,12000,11796,6811,0.4673075868190613,0.5617644299805892,0.5581665759411713,0.5709356613814174,0.5373150466234325,0.566249019818664
esmfold_binder_below_membrane_middle_glycine_linker,1,12000,11796,6811,0.4837791890238632,0.554411921714343,0.5369380671907613,0.5157764239803458,0.5452392361388414,0.5497985414530968
esmfold_ptm_end_glycine_linker,1,12000,11796,6811,0.5127352907931568,0.5850345044824681,0.5641063945741054,0.5678361300733408,0.5465757848281034,0.577907268820872
esmfold_plddt_binder_end_glycine_linker,1,12000,11796,6811,0.5600190991961383,0.7822441336636543,0.6277756164668328,0.6814463270689984,0.572884487547344,0.6289960347841561
esmfold_plddt_hotspot_end_glycine_linker,1,12000,11796,6811,0.5498781574345575,0.49389061325806816,0.5110805119739462,0.5536076586254726,0.49841373459308624,0.48122014270327995
esmfold_ipae_end_glycine_linker,1,12000,11796,6811,0.5422330766826907,0.619544700759156,0.5794934104381594,0.6567008440080866,0.5554188817089305,0.5263605055974611
esmfold_n_hs_engaged_end_glycine_linker,1,12000,11796,6811,0.5365211869759772,0.5417136300989299,0.5376940829036263,0.5316770467876019,0.5404522756533049,0.540952926269972
esmfold_z_axis_displacement_end_glycine_linker,1,12000,11796,6811,0.6369428154442517,0.725430321208818,0.5394972242484987,0.4351546139410917,0.5705188822104859,0.6128181765939185
esmfold_binder_below_membrane_end_glycine_linker,1,12000,11796,6811,0.5369924334603288,0.5681771639982347,0.5446516597878479,0.517974833872737,0.555534239451036,0.5604459060397708
num_disulfide_within_chain,1,12000,11796,6811,0.5207749469743815,0.5752341004808582,0.598893038215148,0.7114539421795534,0.5146092478327984,0.5706159246330924
num_disulfide_between_chain,1,12000,11796,6811,0.5048647680503195,0.5199880952503673,0.515891425751223,0.5071609236041231,0.5199384668686006,0.5205748867809454
esmfold_start_A_BC_max_lis_score,1,12000,11796,6811,0.46904317847858035,0.646273219894598,0.526926924008117,0.5685826828759735,0.5001270285504624,0.5120710605979152
esmfold_start_A_BC_max_lis_score_max,1,12000,11796,6811,0.5111613524690988,0.6101351624982126,0.5021362251793802,0.5259335309635834,0.49772390301153147,0.48275124156302546
esmfold_start_A_BC_max_pdockq,1,12000,11796,6811,0.49997527410421605,0.5245002074200873,0.5792653130784459,0.5959286355353696,0.5517163418709636,0.5901509618290045
esmfold_start_A_BC_max_pdockq2,1,12000,11796,6811,0.4971991170154057,0.6566913042754751,0.5158729762269773,0.5284292927919352,0.5119469531859764,0.5072426827030203
esmfold_start_A_BC_max_pdockq2_max,1,12000,11796,6811,0.5056356342129934,0.6425156102575823,0.5102234432100435,0.5064297823347567,0.5115043305450712,0.5127362167503027
esmfold_start_A_BC_max_pdockq_max,1,12000,11796,6811,0.49997527410421605,0.5245002074200873,0.5792653130784459,0.5959286355353696,0.5517163418709636,0.5901509618290045
esmfold_start_glycine_linker_A_BC_max_ipSAE,1,12000,11796,6811,0.5318666929301392,0.6218336112433616,0.5064288819532035,0.5124638508888829,0.48441812050215727,0.5224046744685703
esmfold_start_glycine_linker_A_BC_max_ipSAE_d0chn,1,12000,11796,6811,0.5264008154974434,0.6195483528842289,0.5124250756383512,0.51243212126157,0.50903716023962,0.5158059454138636
esmfold_start_glycine_linker_A_BC_max_ipSAE_d0chn_max,1,12000,11796,6811,0.5164391884254549,0.6338583655827268,0.5203519072490613,0.5222510810737305,0.5147095589128903,0.5240950817605633
esmfold_start_glycine_linker_A_BC_max_ipSAE_max,1,12000,11796,6811,0.5314245357349451,0.634911031729751,0.5113568287067324,0.5222955025519687,0.48137059272659793,0.5304043908416305
boltz_A_BC_max_lis_score,1,12000,11796,6811,0.5332280716627105,0.5322260571171744,0.5125267125877007,0.5028996346560055,0.5195369331893483,0.5151435699177482
boltz_A_BC_max_lis_score_max,1,12000,11796,6811,0.5315662421292695,0.5266385561028998,0.5088682809607362,0.4901361654292112,0.5188690928830446,0.5175995845699529
boltz_A_BC_max_pdockq,1,12000,11796,6811,0.5463219918350521,0.6356348299044836,0.5580036557770541,0.6285475989737732,0.492800750944178,0.5526626174132111
boltz_A_BC_max_pdockq2,1,12000,11796,6811,0.5761852638647863,0.546835352629611,0.5008625366056536,0.5298856826855955,0.4999269851080485,0.4727749420233167
boltz_A_BC_max_pdockq2_max,1,12000,11796,6811,0.5770259443214383,0.5461091246136001,0.5000940570122148,0.5293340404507421,0.4987190082166349,0.4722291223692674
boltz_A_BC_max_pdockq_max,1,12000,11796,6811,0.5463219918350521,0.6356348299044836,0.5580036557770541,0.6285475989737732,0.492800750944178,0.5526626174132111
chai1_A_BC_max_ipSAE,1,12000,11796,6811,0.48343240314097835,0.5056043920927369,0.49909400145542454,0.5100193097446218,0.49374811193327617,0.49351458268837556
chai1_A_BC_max_ipSAE_d0chn,1,12000,11796,6811,0.503101333785464,0.505595836106175,0.5037904877454049,0.5067439056451539,0.5004913313865267,0.504136226204534
chai1_A_BC_max_ipSAE_d0chn_max,1,12000,11796,6811,0.49930227262149346,0.5103535831396702,0.5057090927419842,0.5093230710652996,0.5017881414555987,0.506016065705054
chai1_A_BC_max_ipSAE_max,1,12000,11796,6811,0.4802791241963045,0.5104722624782291,0.4964006368328362,0.5093502678887106,0.49016498086180327,0.48968666174799474
chai1_A_BC_max_lis_score,1,12000,11796,6811,0.4725719170340228,0.5082554814642135,0.5034489418496477,0.5050250664055771,0.49361867205877297,0.5117030870845931
chai1_A_BC_max_lis_score_max,1,12000,11796,6811,0.48133153312189575,0.5249431159430427,0.5004293829306299,0.5043156825949395,0.482022036029425,0.5149504301675253
chai1_A_BC_max_pdockq,1,12000,11796,6811,0.5105334393845704,0.5857564618683535,0.5450461587355835,0.5984012800638219,0.5032672476221451,0.5334699485207836
chai1_A_BC_max_pdockq2,1,12000,11796,6811,0.4363669721873151,0.5577943196790489,0.5111228412731438,0.5599372659939986,0.4837762260425312,0.48965503178290126
chai1_A_BC_max_pdockq2_max,1,12000,11796,6811,0.42871358020997474,0.5420784302695195,0.519783930575966,0.582565476352362,0.4893266117193435,0.4874597036561922
chai1_A_BC_max_pdockq_max,1,12000,11796,6811,0.5105334393845704,0.5857564618683535,0.5450461587355835,0.5984012800638219,0.5032672476221451,0.5334699485207836
esmfold_start_A_BC_max_ipSAE,1,12000,11796,6811,0.4964130828662425,0.6093493665551051,0.5078217916270553,0.5287746924492552,0.4772556200247151,0.5174350624071956
esmfold_start_A_BC_max_ipSAE_d0chn,1,12000,11796,6811,0.4963164648701123,0.6049977417202422,0.5161687932411727,0.5285707162736726,0.5042178880119386,0.515717775437907
esmfold_start_A_BC_max_ipSAE_d0chn_max,1,12000,11796,6811,0.5064141882592303,0.5911886886617863,0.5083200601891859,0.5318180169889489,0.48384133179162925,0.5093008317869795
esmfold_start_A_BC_max_ipSAE_max,1,12000,11796,6811,0.5068860580854926,0.5941764067713344,0.4985998083490865,0.5318878221690373,0.4858190033168244,0.4780925995613978
dssp_beta_ratio,1,12000,11796,6811,0.602040031848616,0.7462533246487371,0.5945346581501577,0.577646477558088,0.5840749601552815,0.6218825367371037
dssp_other_ratio,1,12000,11796,6811,0.61993015246112,0.8200492830716493,0.5971286708803997,0.6025261316144941,0.5736727011497579,0.6151871798769467
dssp_ke_alpha_ratio,1,12000,11796,6811,0.6384880800404258,0.9046373299902644,0.6592053400085264,0.6480155384517755,0.6295075844821846,0.7000928970916189
dssp_kae_alpha_ratio,1,12000,11796,6811,0.6981535365926637,0.8966467159517019,0.6310112232639665,0.6191846392341375,0.6053944405284541,0.6684545900293082
num_poly_A_stretches_dna,1,12000,11796,6811,0.5878041492962055,0.8817846138621415,0.6275057574391616,0.5672405196406393,0.6341911473928572,0.6810856052839884
num_poly_E_stretches_aa,1,12000,11796,6811,0.6254363393373625,0.8180380960824037,0.6287756822655021,0.5959780430978996,0.6199133119362082,0.6704356917623985
seq_kl_vs_human,1,12000,11796,6811,0.8029186114934274,0.828155248302535,0.5568743365169758,0.6175070485100674,0.4746392369876274,0.5784767240532328
seq_charge,1,12000,11796,6811,0.47182515342522224,0.5706369733190174,0.5234639020537095,0.5730461348781128,0.47988965395378047,0.5174559173292352
max_charge_len_20,1,12000,11796,6811,0.5326624927692338,0.5933614527328868,0.5775249283108214,0.5168670165991279,0.5962146263585881,0.6194931419747479
min_charge_len_20,1,12000,11796,6811,0.4525445647909893,0.6411981208638395,0.6119861877456194,0.616507111969322,0.5862416794852653,0.6332097717822709
longest_stretch_of_K,1,12000,11796,6811,0.5665980575003823,0.7838055938480543,0.6059588043995607,0.5712375461212796,0.60313638024381,0.6435024868335926
longest_stretch_of_E,1,12000,11796,6811,0.6414423051350077,0.7782247049473188,0.6220284926935727,0.578233928943766,0.621268572500026,0.6665829766369261
longest_stretch_of_A,1,12000,11796,6811,0.5821435814067912,0.574969719023463,0.5317137644468858,0.6008557933766668,0.5239870799328843,0.47029842003110633
max_gravy_len_20,1,12000,11796,6811,0.6759318130439697,0.7180317048635262,0.6104893569621942,0.5821380329444188,0.6027761284321338,0.6465539095100298
min_gravy_len_20,1,12000,11796,6811,0.6699601975412071,0.7596284522338119,0.6293716870396204,0.5856296517900043,0.647812331086751,0.6546730782421062
dna_gc_content,1,12000,11796,6811,0.5681809303918244,0.6250093548889216,0.5704093959432001,0.6445842058980844,0.5474459834479002,0.5191979984836154
esmfold_start_glycine_linker_A_BC_max_lis_score,1,12000,11796,6811,0.5506203498693475,0.695592371005249,0.5292944594601291,0.5365770078054883,0.5178050238103781,0.5335013467645211
esmfold_start_glycine_linker_A_BC_max_lis_score_max,1,12000,11796,6811,0.5460886541798815,0.6897285160429165,0.533564409973248,0.5391425748139284,0.5223855749580333,0.5391650801477826
esmfold_start_glycine_linker_A_BC_max_pdockq,1,12000,11796,6811,0.4921608521333254,0.5043975120192468,0.5056484250146028,0.49790947084047255,0.5084430099959991,0.5105927942073368
esmfold_start_glycine_linker_A_BC_max_pdockq2,1,12000,11796,6811,0.5583738921136443,0.7224709807001388,0.5521586185135469,0.5982938526113484,0.5138204555126147,0.5443615474166776
esmfold_start_glycine_linker_A_BC_max_pdockq2_max,1,12000,11796,6811,0.5557132610589166,0.7177446301612221,0.5500562975408,0.600675841061764,0.5101939206084098,0.5392991309522264
esmfold_start_glycine_linker_A_BC_max_pdockq_max,1,12000,11796,6811,0.4921608521333254,0.5043975120192468,0.5056484250146028,0.49790947084047255,0.5084430099959991,0.5105927942073368
gravy_score,1,12000,11796,6811,0.6776289652856735,0.7915972848806292,0.6110176676704704,0.547989701469535,0.635716454528023,0.6493468470138533
aa_sequence_entropy,1,12000,11796,6811,0.7954678056370057,0.8332643062059472,0.6219411292346705,0.7570494166281379,0.4825315970256993,0.6262423740501741
dna_sequence_entropy,1,12000,11796,6811,0.7899071802339112,0.8968584361217552,0.6355949501097147,0.6579981324847926,0.5883794629267609,0.6604072549175907
num_cysteines,1,12000,11796,6811,0.5610351465102826,0.6830242894297339,0.663406066726861,0.737725620314214,0.5893332862642882,0.6631592936020807
longest_dup_substr_len,1,12000,11796,6811,0.743096280560376,0.772864754887184,0.5824757742440988,0.687274606325981,0.44407329344810464,0.6160794229582105
longest_dup_occurrences,1,12000,11796,6811,0.535388574724566,0.5357507848755487,0.5028569047719639,0.5065925099948325,0.5030540865769499,0.49892411774410916
total_duplicated_residues,1,12000,11796,6811,0.7419059052919235,0.7745648485612469,0.5906149776772818,0.6862125703717805,0.47083609671068394,0.6147962659493809
longest_dup_substr_len_dna,1,12000,11796,6811,0.7478554960471812,0.7710025834366997,0.5653191587606973,0.5563141958352597,0.5549988290610458,0.5846444513857865
longest_dup_occurrences_dna,1,12000,11796,6811,0.4923146098045865,0.5004303911587943,0.4962948776390516,0.4993771927438875,0.49542456085931097,0.4940828793139564
total_duplicated_nucleotides,1,12000,11796,6811,0.7462437416472185,0.7717147478259178,0.5663621283413504,0.5583344665343087,0.5548976499042994,0.5858542685854431
ratio_K,1,12000,11796,6811,0.5990523540715031,0.8799815390968089,0.6292400406630226,0.5676666032074121,0.6364387907576458,0.6836147280240101
ratio_E,1,12000,11796,6811,0.6230308629046736,0.8659639467514274,0.6615022263897042,0.6372111470713554,0.6405786483236282,0.7067168837741291
ratio_KE,1,12000,11796,6811,0.6173956442529538,0.8957193559830866,0.6680230607602549,0.6195934981460831,0.6593206162032488,0.7251550679314327
dssp_alpha_ratio,1,12000,11796,6811,0.6693040262900684,0.8269352765387632,0.5906207800624136,0.5637452745519322,0.5864764459938647,0.6216406196414437
